entry_id,word_count,first_person_ratio,second_person_ratio,third_person_ratio,negation_ratio,avg_word_length,composite_depression,composite_anxiety,composite_wellbeing,composite_coping,composite_risk,risk_flag_count,highest_risk_level,depression_negative_emotion_count,depression_negative_emotion_pct,depression_anhedonia_count,depression_anhedonia_pct,depression_fatigue_count,depression_fatigue_pct,depression_negative_self_count,depression_negative_self_pct,anxiety_worry_count,anxiety_worry_pct,anxiety_rumination_count,anxiety_rumination_pct,anxiety_physical_count,anxiety_physical_pct,wellbeing_positive_emotion_count,wellbeing_positive_emotion_pct,wellbeing_social_connection_count,wellbeing_social_connection_pct,wellbeing_achievement_count,wellbeing_achievement_pct,coping_problem_solving_count,coping_problem_solving_pct,coping_reframing_count,coping_reframing_pct,coping_support_seeking_count,coping_support_seeking_pct,risk_isolation_count,risk_isolation_pct,risk_self_harm_count,risk_self_harm_pct,risk_suicidal_count,risk_suicidal_pct
0,68,17.65,0.0,0.0,2.94,3.79,0,0,0,0,1,0,NONE,0,0.0,0,0.0,0,0.0,0,0.0,0,0.0,0,0.0,0,0.0,0,0.0,0,0.0,0,0.0,0,0.0,0,0.0,0,0.0,1,1.47,0,0.0,0,0.0
1,76,11.84,3.95,0.0,1.32,4.13,0,0,0,0,0,0,NONE,0,0.0,0,0.0,0,0.0,0,0.0,0,0.0,0,0.0,0,0.0,0,0.0,0,0.0,0,0.0,0,0.0,0,0.0,0,0.0,0,0.0,0,0.0,0,0.0
2,60,16.67,0.0,0.0,0.0,4.07,0,0,0,0,0,0,NONE,0,0.0,0,0.0,0,0.0,0,0.0,0,0.0,0,0.0,0,0.0,0,0.0,0,0.0,0,0.0,0,0.0,0,0.0,0,0.0,0,0.0,0,0.0,0,0.0
3,56,14.29,0.0,1.79,3.57,4.3,1,0,0,0,0,0,NONE,0,0.0,0,0.0,1,1.79,0,0.0,0,0.0,0,0.0,0,0.0,0,0.0,0,0.0,0,0.0,0,0.0,0,0.0,0,0.0,0,0.0,0,0.0,0,0.0
4,98,13.27,0.0,1.02,1.02,4.1,0,1,0,1,0,0,NONE,0,0.0,0,0.0,0,0.0,0,0.0,1,1.02,0,0.0,0,0.0,0,0.0,0,0.0,0,0.0,1,1.02,0,0.0,0,0.0,0,0.0,0,0.0,0,0.0
5,67,13.43,0.0,0.0,4.48,3.87,0,0,0,1,0,0,NONE,0,0.0,0,0.0,0,0.0,0,0.0,0,0.0,0,0.0,0,0.0,0,0.0,0,0.0,0,0.0,1,1.49,0,0.0,0,0.0,0,0.0,0,0.0,0,0.0
6,65,9.23,0.0,6.15,0.0,4.31,0,0,2,0,0,0,NONE,0,0.0,0,0.0,0,0.0,0,0.0,0,0.0,0,0.0,0,0.0,1,1.54,1,1.54,0,0.0,0,0.0,0,0.0,0,0.0,0,0.0,0,0.0,0,0.0
7,43,13.95,0.0,0.0,6.98,3.95,0,0,0,0,0,0,NONE,0,0.0,0,0.0,0,0.0,0,0.0,0,0.0,0,0.0,0,0.0,0,0.0,0,0.0,0,0.0,0,0.0,0,0.0,0,0.0,0,0.0,0,0.0,0,0.0
8,35,17.14,0.0,2.86,0.0,4.17,0,0,3,0,0,0,NONE,0,0.0,0,0.0,0,0.0,0,0.0,0,0.0,0,0.0,0,0.0,3,8.57,0,0.0,0,0.0,0,0.0,0,0.0,0,0.0,0,0.0,0,0.0,0,0.0
9,53,15.09,0.0,0.0,1.89,3.85,1,0,0,1,0,0,NONE,1,1.89,0,0.0,0,0.0,0,0.0,0,0.0,0,0.0,0,0.0,0,0.0,0,0.0,0,0.0,1,1.89,0,0.0,0,0.0,0,0.0,0,0.0,0,0.0
10,41,14.63,0.0,2.44,2.44,4.37,0,0,0,1,0,0,NONE,0,0.0,0,0.0,0,0.0,0,0.0,0,0.0,0,0.0,0,0.0,0,0.0,0,0.0,0,0.0,1,2.44,0,0.0,0,0.0,0,0.0,0,0.0,0,0.0
11,30,26.67,0.0,0.0,0.0,4.0,0,0,0,0,0,0,NONE,0,0.0,0,0.0,0,0.0,0,0.0,0,0.0,0,0.0,0,0.0,0,0.0,0,0.0,0,0.0,0,0.0,0,0.0,0,0.0,0,0.0,0,0.0,0,0.0
12,53,7.55,0.0,0.0,5.66,3.96,1,0,0,1,0,0,NONE,0,0.0,1,1.89,0,0.0,0,0.0,0,0.0,0,0.0,0,0.0,0,0.0,0,0.0,0,0.0,1,1.89,0,0.0,0,0.0,0,0.0,0,0.0,0,0.0
13,47,8.51,0.0,0.0,0.0,3.87,0,0,0,0,0,0,NONE,0,0.0,0,0.0,0,0.0,0,0.0,0,0.0,0,0.0,0,0.0,0,0.0,0,0.0,0,0.0,0,0.0,0,0.0,0,0.0,0,0.0,0,0.0,0,0.0
14,52,9.62,0.0,0.0,1.92,4.38,0,0,0,0,0,0,NONE,0,0.0,0,0.0,0,0.0,0,0.0,0,0.0,0,0.0,0,0.0,0,0.0,0,0.0,0,0.0,0,0.0,0,0.0,0,0.0,0,0.0,0,0.0,0,0.0
15,71,14.08,0.0,0.0,0.0,4.0,0,1,0,3,0,0,NONE,0,0.0,0,0.0,0,0.0,0,0.0,1,1.41,0,0.0,0,0.0,0,0.0,0,0.0,0,0.0,3,4.23,0,0.0,0,0.0,0,0.0,0,0.0,0,0.0
16,41,14.63,0.0,0.0,0.0,4.07,1,0,1,0,0,0,NONE,1,2.44,0,0.0,0,0.0,0,0.0,0,0.0,0,0.0,0,0.0,0,0.0,0,0.0,1,2.44,0,0.0,0,0.0,0,0.0,0,0.0,0,0.0,0,0.0
17,41,19.51,0.0,4.88,0.0,4.39,0,1,0,1,0,0,NONE,0,0.0,0,0.0,0,0.0,0,0.0,1,2.44,0,0.0,0,0.0,0,0.0,0,0.0,0,0.0,0,0.0,1,2.44,0,0.0,0,0.0,0,0.0,0,0.0
18,46,10.87,0.0,4.35,2.17,4.04,0,0,1,0,0,0,NONE,0,0.0,0,0.0,0,0.0,0,0.0,0,0.0,0,0.0,0,0.0,0,0.0,1,2.17,0,0.0,0,0.0,0,0.0,0,0.0,0,0.0,0,0.0,0,0.0
19,31,9.68,0.0,0.0,3.23,4.06,0,1,0,0,1,1,HIGH,0,0.0,0,0.0,0,0.0,0,0.0,1,3.23,0,0.0,0,0.0,0,0.0,0,0.0,0,0.0,0,0.0,0,0.0,0,0.0,0,0.0,1,3.23,0,0.0
20,40,15.0,0.0,0.0,0.0,4.58,0,0,1,1,0,0,NONE,0,0.0,0,0.0,0,0.0,0,0.0,0,0.0,0,0.0,0,0.0,1,2.5,0,0.0,0,0.0,1,2.5,0,0.0,0,0.0,0,0.0,0,0.0,0,0.0
21,23,13.04,0.0,0.0,0.0,3.96,0,0,0,0,0,0,NONE,0,0.0,0,0.0,0,0.0,0,0.0,0,0.0,0,0.0,0,0.0,0,0.0,0,0.0,0,0.0,0,0.0,0,0.0,0,0.0,0,0.0,0,0.0,0,0.0
22,18,11.11,0.0,0.0,5.56,3.78,0,0,0,0,0,0,NONE,0,0.0,0,0.0,0,0.0,0,0.0,0,0.0,0,0.0,0,0.0,0,0.0,0,0.0,0,0.0,0,0.0,0,0.0,0,0.0,0,0.0,0,0.0,0,0.0
23,34,8.82,0.0,8.82,0.0,3.74,0,0,0,0,0,0,NONE,0,0.0,0,0.0,0,0.0,0,0.0,0,0.0,0,0.0,0,0.0,0,0.0,0,0.0,0,0.0,0,0.0,0,0.0,0,0.0,0,0.0,0,0.0,0,0.0
24,19,10.53,0.0,0.0,0.0,5.26,0,0,0,0,0,0,NONE,0,0.0,0,0.0,0,0.0,0,0.0,0,0.0,0,0.0,0,0.0,0,0.0,0,0.0,0,0.0,0,0.0,0,0.0,0,0.0,0,0.0,0,0.0,0,0.0
25,21,19.05,0.0,0.0,0.0,4.95,0,0,0,1,0,0,NONE,0,0.0,0,0.0,0,0.0,0,0.0,0,0.0,0,0.0,0,0.0,0,0.0,0,0.0,0,0.0,0,0.0,1,4.76,0,0.0,0,0.0,0,0.0,0,0.0
26,22,18.18,0.0,0.0,0.0,4.09,0,0,0,0,0,0,NONE,0,0.0,0,0.0,0,0.0,0,0.0,0,0.0,0,0.0,0,0.0,0,0.0,0,0.0,0,0.0,0,0.0,0,0.0,0,0.0,0,0.0,0,0.0,0,0.0
27,21,19.05,0.0,0.0,0.0,4.38,0,0,0,1,0,0,NONE,0,0.0,0,0.0,0,0.0,0,0.0,0,0.0,0,0.0,0,0.0,0,0.0,0,0.0,0,0.0,1,4.76,0,0.0,0,0.0,0,0.0,0,0.0,0,0.0
28,24,16.67,0.0,0.0,0.0,5.29,0,0,0,0,0,0,NONE,0,0.0,0,0.0,0,0.0,0,0.0,0,0.0,0,0.0,0,0.0,0,0.0,0,0.0,0,0.0,0,0.0,0,0.0,0,0.0,0,0.0,0,0.0,0,0.0
29,24,12.5,0.0,0.0,0.0,3.96,0,0,0,0,0,0,NONE,0,0.0,0,0.0,0,0.0,0,0.0,0,0.0,0,0.0,0,0.0,0,0.0,0,0.0,0,0.0,0,0.0,0,0.0,0,0.0,0,0.0,0,0.0,0,0.0
30,19,10.53,0.0,0.0,0.0,4.68,0,0,0,0,0,0,NONE,0,0.0,0,0.0,0,0.0,0,0.0,0,0.0,0,0.0,0,0.0,0,0.0,0,0.0,0,0.0,0,0.0,0,0.0,0,0.0,0,0.0,0,0.0,0,0.0
31,23,17.39,0.0,0.0,0.0,3.91,0,0,0,1,0,0,NONE,0,0.0,0,0.0,0,0.0,0,0.0,0,0.0,0,0.0,0,0.0,0,0.0,0,0.0,0,0.0,1,4.35,0,0.0,0,0.0,0,0.0,0,0.0,0,0.0
32,22,9.09,0.0,0.0,0.0,3.82,0,1,1,0,0,0,NONE,0,0.0,0,0.0,0,0.0,0,0.0,1,4.55,0,0.0,0,0.0,0,0.0,1,4.55,0,0.0,0,0.0,0,0.0,0,0.0,0,0.0,0,0.0,0,0.0
33,32,12.5,0.0,0.0,3.12,5.19,0,0,0,0,0,0,NONE,0,0.0,0,0.0,0,0.0,0,0.0,0,0.0,0,0.0,0,0.0,0,0.0,0,0.0,0,0.0,0,0.0,0,0.0,0,0.0,0,0.0,0,0.0,0,0.0
34,22,13.64,0.0,0.0,0.0,4.36,0,0,0,0,0,0,NONE,0,0.0,0,0.0,0,0.0,0,0.0,0,0.0,0,0.0,0,0.0,0,0.0,0,0.0,0,0.0,0,0.0,0,0.0,0,0.0,0,0.0,0,0.0,0,0.0
35,33,15.15,0.0,0.0,0.0,4.88,0,0,0,0,0,0,NONE,0,0.0,0,0.0,0,0.0,0,0.0,0,0.0,0,0.0,0,0.0,0,0.0,0,0.0,0,0.0,0,0.0,0,0.0,0,0.0,0,0.0,0,0.0,0,0.0
36,18,11.11,0.0,0.0,0.0,4.61,0,0,0,0,0,0,NONE,0,0.0,0,0.0,0,0.0,0,0.0,0,0.0,0,0.0,0,0.0,0,0.0,0,0.0,0,0.0,0,0.0,0,0.0,0,0.0,0,0.0,0,0.0,0,0.0
37,20,15.0,0.0,0.0,0.0,4.25,0,0,0,0,0,0,NONE,0,0.0,0,0.0,0,0.0,0,0.0,0,0.0,0,0.0,0,0.0,0,0.0,0,0.0,0,0.0,0,0.0,0,0.0,0,0.0,0,0.0,0,0.0,0,0.0
38,31,9.68,0.0,0.0,0.0,5.0,0,0,0,0,0,0,NONE,0,0.0,0,0.0,0,0.0,0,0.0,0,0.0,0,0.0,0,0.0,0,0.0,0,0.0,0,0.0,0,0.0,0,0.0,0,0.0,0,0.0,0,0.0,0,0.0
39,22,18.18,0.0,0.0,0.0,5.09,0,0,0,0,0,0,NONE,0,0.0,0,0.0,0,0.0,0,0.0,0,0.0,0,0.0,0,0.0,0,0.0,0,0.0,0,0.0,0,0.0,0,0.0,0,0.0,0,0.0,0,0.0,0,0.0
40,22,9.09,0.0,0.0,0.0,3.73,0,0,0,0,0,0,NONE,0,0.0,0,0.0,0,0.0,0,0.0,0,0.0,0,0.0,0,0.0,0,0.0,0,0.0,0,0.0,0,0.0,0,0.0,0,0.0,0,0.0,0,0.0,0,0.0
41,20,10.0,0.0,0.0,0.0,4.4,0,0,0,0,0,0,NONE,0,0.0,0,0.0,0,0.0,0,0.0,0,0.0,0,0.0,0,0.0,0,0.0,0,0.0,0,0.0,0,0.0,0,0.0,0,0.0,0,0.0,0,0.0,0,0.0
42,22,13.64,0.0,0.0,0.0,4.23,0,0,0,0,0,0,NONE,0,0.0,0,0.0,0,0.0,0,0.0,0,0.0,0,0.0,0,0.0,0,0.0,0,0.0,0,0.0,0,0.0,0,0.0,0,0.0,0,0.0,0,0.0,0,0.0
43,21,4.76,0.0,4.76,0.0,4.71,0,0,0,0,0,0,NONE,0,0.0,0,0.0,0,0.0,0,0.0,0,0.0,0,0.0,0,0.0,0,0.0,0,0.0,0,0.0,0,0.0,0,0.0,0,0.0,0,0.0,0,0.0,0,0.0
44,25,12.0,0.0,0.0,0.0,4.2,0,0,0,0,0,0,NONE,0,0.0,0,0.0,0,0.0,0,0.0,0,0.0,0,0.0,0,0.0,0,0.0,0,0.0,0,0.0,0,0.0,0,0.0,0,0.0,0,0.0,0,0.0,0,0.0
45,24,12.5,0.0,0.0,0.0,4.17,0,0,0,0,0,0,NONE,0,0.0,0,0.0,0,0.0,0,0.0,0,0.0,0,0.0,0,0.0,0,0.0,0,0.0,0,0.0,0,0.0,0,0.0,0,0.0,0,0.0,0,0.0,0,0.0
46,22,9.09,0.0,0.0,0.0,3.95,0,0,0,0,0,0,NONE,0,0.0,0,0.0,0,0.0,0,0.0,0,0.0,0,0.0,0,0.0,0,0.0,0,0.0,0,0.0,0,0.0,0,0.0,0,0.0,0,0.0,0,0.0,0,0.0
47,30,13.33,0.0,0.0,3.33,4.3,0,0,0,1,0,0,NONE,0,0.0,0,0.0,0,0.0,0,0.0,0,0.0,0,0.0,0,0.0,0,0.0,0,0.0,0,0.0,1,3.33,0,0.0,0,0.0,0,0.0,0,0.0,0,0.0
48,25,16.0,0.0,0.0,0.0,4.76,0,0,0,0,0,0,NONE,0,0.0,0,0.0,0,0.0,0,0.0,0,0.0,0,0.0,0,0.0,0,0.0,0,0.0,0,0.0,0,0.0,0,0.0,0,0.0,0,0.0,0,0.0,0,0.0
49,25,8.0,0.0,0.0,0.0,5.52,0,0,0,0,0,0,NONE,0,0.0,0,0.0,0,0.0,0,0.0,0,0.0,0,0.0,0,0.0,0,0.0,0,0.0,0,0.0,0,0.0,0,0.0,0,0.0,0,0.0,0,0.0,0,0.0
50,21,14.29,0.0,0.0,0.0,5.29,0,0,0,0,0,0,NONE,0,0.0,0,0.0,0,0.0,0,0.0,0,0.0,0,0.0,0,0.0,0,0.0,0,0.0,0,0.0,0,0.0,0,0.0,0,0.0,0,0.0,0,0.0,0,0.0
51,41,12.2,0.0,7.32,9.76,4.41,0,0,0,0,0,0,NONE,0,0.0,0,0.0,0,0.0,0,0.0,0,0.0,0,0.0,0,0.0,0,0.0,0,0.0,0,0.0,0,0.0,0,0.0,0,0.0,0,0.0,0,0.0,0,0.0
52,23,13.04,0.0,0.0,0.0,4.3,0,1,0,0,0,0,NONE,0,0.0,0,0.0,0,0.0,0,0.0,1,4.35,0,0.0,0,0.0,0,0.0,0,0.0,0,0.0,0,0.0,0,0.0,0,0.0,0,0.0,0,0.0,0,0.0
53,33,15.15,0.0,0.0,0.0,3.82,0,0,1,0,0,0,NONE,0,0.0,0,0.0,0,0.0,0,0.0,0,0.0,0,0.0,0,0.0,1,3.03,0,0.0,0,0.0,0,0.0,0,0.0,0,0.0,0,0.0,0,0.0,0,0.0
54,32,9.38,0.0,0.0,3.12,4.03,1,1,0,0,0,0,NONE,0,0.0,0,0.0,1,3.12,0,0.0,1,3.12,0,0.0,0,0.0,0,0.0,0,0.0,0,0.0,0,0.0,0,0.0,0,0.0,0,0.0,0,0.0,0,0.0
55,20,10.0,0.0,0.0,5.0,4.55,1,0,0,0,0,0,NONE,0,0.0,0,0.0,1,5.0,0,0.0,0,0.0,0,0.0,0,0.0,0,0.0,0,0.0,0,0.0,0,0.0,0,0.0,0,0.0,0,0.0,0,0.0,0,0.0
56,15,0.0,0.0,0.0,6.67,5.53,0,0,0,0,0,0,NONE,0,0.0,0,0.0,0,0.0,0,0.0,0,0.0,0,0.0,0,0.0,0,0.0,0,0.0,0,0.0,0,0.0,0,0.0,0,0.0,0,0.0,0,0.0,0,0.0
57,24,12.5,0.0,0.0,0.0,4.46,0,0,1,0,0,0,NONE,0,0.0,0,0.0,0,0.0,0,0.0,0,0.0,0,0.0,0,0.0,1,4.17,0,0.0,0,0.0,0,0.0,0,0.0,0,0.0,0,0.0,0,0.0,0,0.0
58,21,14.29,0.0,0.0,0.0,5.14,0,0,0,0,0,0,NONE,0,0.0,0,0.0,0,0.0,0,0.0,0,0.0,0,0.0,0,0.0,0,0.0,0,0.0,0,0.0,0,0.0,0,0.0,0,0.0,0,0.0,0,0.0,0,0.0
59,34,11.76,0.0,2.94,0.0,4.35,0,0,0,0,0,0,NONE,0,0.0,0,0.0,0,0.0,0,0.0,0,0.0,0,0.0,0,0.0,0,0.0,0,0.0,0,0.0,0,0.0,0,0.0,0,0.0,0,0.0,0,0.0,0,0.0
60,24,16.67,0.0,0.0,0.0,4.58,0,0,0,0,0,0,NONE,0,0.0,0,0.0,0,0.0,0,0.0,0,0.0,0,0.0,0,0.0,0,0.0,0,0.0,0,0.0,0,0.0,0,0.0,0,0.0,0,0.0,0,0.0,0,0.0
61,36,16.67,0.0,0.0,0.0,3.56,0,0,1,0,0,0,NONE,0,0.0,0,0.0,0,0.0,0,0.0,0,0.0,0,0.0,0,0.0,1,2.78,0,0.0,0,0.0,0,0.0,0,0.0,0,0.0,0,0.0,0,0.0,0,0.0
62,21,9.52,0.0,0.0,0.0,4.48,0,0,0,0,0,0,NONE,0,0.0,0,0.0,0,0.0,0,0.0,0,0.0,0,0.0,0,0.0,0,0.0,0,0.0,0,0.0,0,0.0,0,0.0,0,0.0,0,0.0,0,0.0,0,0.0
63,23,13.04,0.0,0.0,0.0,4.48,1,0,0,0,0,0,NONE,0,0.0,0,0.0,1,4.35,0,0.0,0,0.0,0,0.0,0,0.0,0,0.0,0,0.0,0,0.0,0,0.0,0,0.0,0,0.0,0,0.0,0,0.0,0,0.0
64,17,17.65,0.0,5.88,0.0,4.53,0,0,0,0,0,0,NONE,0,0.0,0,0.0,0,0.0,0,0.0,0,0.0,0,0.0,0,0.0,0,0.0,0,0.0,0,0.0,0,0.0,0,0.0,0,0.0,0,0.0,0,0.0,0,0.0
65,20,15.0,0.0,0.0,0.0,4.95,0,0,0,0,0,0,NONE,0,0.0,0,0.0,0,0.0,0,0.0,0,0.0,0,0.0,0,0.0,0,0.0,0,0.0,0,0.0,0,0.0,0,0.0,0,0.0,0,0.0,0,0.0,0,0.0
66,16,6.25,0.0,0.0,0.0,4.25,0,0,0,1,0,0,NONE,0,0.0,0,0.0,0,0.0,0,0.0,0,0.0,0,0.0,0,0.0,0,0.0,0,0.0,0,0.0,1,6.25,0,0.0,0,0.0,0,0.0,0,0.0,0,0.0
67,12,8.33,0.0,0.0,0.0,4.75,0,0,0,0,0,0,NONE,0,0.0,0,0.0,0,0.0,0,0.0,0,0.0,0,0.0,0,0.0,0,0.0,0,0.0,0,0.0,0,0.0,0,0.0,0,0.0,0,0.0,0,0.0,0,0.0
68,30,10.0,0.0,3.33,0.0,4.47,0,0,0,0,0,0,NONE,0,0.0,0,0.0,0,0.0,0,0.0,0,0.0,0,0.0,0,0.0,0,0.0,0,0.0,0,0.0,0,0.0,0,0.0,0,0.0,0,0.0,0,0.0,0,0.0
69,16,12.5,0.0,0.0,0.0,4.69,0,0,1,0,0,0,NONE,0,0.0,0,0.0,0,0.0,0,0.0,0,0.0,0,0.0,0,0.0,0,0.0,1,6.25,0,0.0,0,0.0,0,0.0,0,0.0,0,0.0,0,0.0,0,0.0
70,25,8.0,0.0,4.0,0.0,4.76,0,0,0,0,0,0,NONE,0,0.0,0,0.0,0,0.0,0,0.0,0,0.0,0,0.0,0,0.0,0,0.0,0,0.0,0,0.0,0,0.0,0,0.0,0,0.0,0,0.0,0,0.0,0,0.0
71,10,10.0,0.0,0.0,0.0,4.9,0,0,0,0,0,0,NONE,0,0.0,0,0.0,0,0.0,0,0.0,0,0.0,0,0.0,0,0.0,0,0.0,0,0.0,0,0.0,0,0.0,0,0.0,0,0.0,0,0.0,0,0.0,0,0.0
72,16,18.75,0.0,6.25,0.0,3.25,0,0,0,0,0,0,NONE,0,0.0,0,0.0,0,0.0,0,0.0,0,0.0,0,0.0,0,0.0,0,0.0,0,0.0,0,0.0,0,0.0,0,0.0,0,0.0,0,0.0,0,0.0,0,0.0
73,60,10.0,0.0,0.0,0.0,4.78,0,0,0,1,0,0,NONE,0,0.0,0,0.0,0,0.0,0,0.0,0,0.0,0,0.0,0,0.0,0,0.0,0,0.0,0,0.0,0,0.0,1,1.67,0,0.0,0,0.0,0,0.0,0,0.0
74,28,17.86,0.0,10.71,0.0,4.39,0,0,1,0,0,0,NONE,0,0.0,0,0.0,0,0.0,0,0.0,0,0.0,0,0.0,0,0.0,1,3.57,0,0.0,0,0.0,0,0.0,0,0.0,0,0.0,0,0.0,0,0.0,0,0.0
75,36,13.89,0.0,0.0,0.0,4.53,0,0,0,0,0,0,NONE,0,0.0,0,0.0,0,0.0,0,0.0,0,0.0,0,0.0,0,0.0,0,0.0,0,0.0,0,0.0,0,0.0,0,0.0,0,0.0,0,0.0,0,0.0,0,0.0
76,26,11.54,0.0,0.0,0.0,4.27,0,0,0,2,0,0,NONE,0,0.0,0,0.0,0,0.0,0,0.0,0,0.0,0,0.0,0,0.0,0,0.0,0,0.0,0,0.0,2,7.69,0,0.0,0,0.0,0,0.0,0,0.0,0,0.0
77,15,6.67,0.0,6.67,0.0,4.47,0,0,0,0,0,0,NONE,0,0.0,0,0.0,0,0.0,0,0.0,0,0.0,0,0.0,0,0.0,0,0.0,0,0.0,0,0.0,0,0.0,0,0.0,0,0.0,0,0.0,0,0.0,0,0.0
78,31,3.23,0.0,6.45,3.23,4.29,0,0,0,0,0,0,NONE,0,0.0,0,0.0,0,0.0,0,0.0,0,0.0,0,0.0,0,0.0,0,0.0,0,0.0,0,0.0,0,0.0,0,0.0,0,0.0,0,0.0,0,0.0,0,0.0
79,18,11.11,0.0,0.0,0.0,5.17,0,0,0,0,0,0,NONE,0,0.0,0,0.0,0,0.0,0,0.0,0,0.0,0,0.0,0,0.0,0,0.0,0,0.0,0,0.0,0,0.0,0,0.0,0,0.0,0,0.0,0,0.0,0,0.0
80,17,11.76,0.0,0.0,0.0,5.65,0,0,0,0,0,0,NONE,0,0.0,0,0.0,0,0.0,0,0.0,0,0.0,0,0.0,0,0.0,0,0.0,0,0.0,0,0.0,0,0.0,0,0.0,0,0.0,0,0.0,0,0.0,0,0.0
81,20,15.0,0.0,0.0,0.0,4.6,0,0,0,0,0,0,NONE,0,0.0,0,0.0,0,0.0,0,0.0,0,0.0,0,0.0,0,0.0,0,0.0,0,0.0,0,0.0,0,0.0,0,0.0,0,0.0,0,0.0,0,0.0,0,0.0
82,19,15.79,0.0,0.0,0.0,4.05,0,0,0,0,0,0,NONE,0,0.0,0,0.0,0,0.0,0,0.0,0,0.0,0,0.0,0,0.0,0,0.0,0,0.0,0,0.0,0,0.0,0,0.0,0,0.0,0,0.0,0,0.0,0,0.0
83,22,9.09,0.0,0.0,0.0,4.64,0,0,0,0,0,0,NONE,0,0.0,0,0.0,0,0.0,0,0.0,0,0.0,0,0.0,0,0.0,0,0.0,0,0.0,0,0.0,0,0.0,0,0.0,0,0.0,0,0.0,0,0.0,0,0.0
84,18,16.67,0.0,5.56,0.0,5.33,0,0,1,0,0,0,NONE,0,0.0,0,0.0,0,0.0,0,0.0,0,0.0,0,0.0,0,0.0,0,0.0,1,5.56,0,0.0,0,0.0,0,0.0,0,0.0,0,0.0,0,0.0,0,0.0
85,30,10.0,0.0,0.0,0.0,4.4,0,0,0,0,0,0,NONE,0,0.0,0,0.0,0,0.0,0,0.0,0,0.0,0,0.0,0,0.0,0,0.0,0,0.0,0,0.0,0,0.0,0,0.0,0,0.0,0,0.0,0,0.0,0,0.0
86,25,12.0,0.0,0.0,0.0,5.0,0,0,0,0,0,0,NONE,0,0.0,0,0.0,0,0.0,0,0.0,0,0.0,0,0.0,0,0.0,0,0.0,0,0.0,0,0.0,0,0.0,0,0.0,0,0.0,0,0.0,0,0.0,0,0.0
87,23,13.04,0.0,0.0,0.0,4.52,0,0,0,0,0,0,NONE,0,0.0,0,0.0,0,0.0,0,0.0,0,0.0,0,0.0,0,0.0,0,0.0,0,0.0,0,0.0,0,0.0,0,0.0,0,0.0,0,0.0,0,0.0,0,0.0
88,18,5.56,0.0,0.0,0.0,3.83,0,0,0,0,0,0,NONE,0,0.0,0,0.0,0,0.0,0,0.0,0,0.0,0,0.0,0,0.0,0,0.0,0,0.0,0,0.0,0,0.0,0,0.0,0,0.0,0,0.0,0,0.0,0,0.0
89,17,11.76,0.0,0.0,0.0,4.76,0,0,0,0,0,0,NONE,0,0.0,0,0.0,0,0.0,0,0.0,0,0.0,0,0.0,0,0.0,0,0.0,0,0.0,0,0.0,0,0.0,0,0.0,0,0.0,0,0.0,0,0.0,0,0.0
90,12,16.67,0.0,8.33,0.0,3.67,0,0,0,0,0,0,NONE,0,0.0,0,0.0,0,0.0,0,0.0,0,0.0,0,0.0,0,0.0,0,0.0,0,0.0,0,0.0,0,0.0,0,0.0,0,0.0,0,0.0,0,0.0,0,0.0
91,10,20.0,0.0,0.0,0.0,4.2,0,0,0,0,0,0,NONE,0,0.0,0,0.0,0,0.0,0,0.0,0,0.0,0,0.0,0,0.0,0,0.0,0,0.0,0,0.0,0,0.0,0,0.0,0,0.0,0,0.0,0,0.0,0,0.0
92,31,12.9,0.0,0.0,0.0,3.97,0,0,0,0,0,0,NONE,0,0.0,0,0.0,0,0.0,0,0.0,0,0.0,0,0.0,0,0.0,0,0.0,0,0.0,0,0.0,0,0.0,0,0.0,0,0.0,0,0.0,0,0.0,0,0.0
93,17,11.76,0.0,0.0,0.0,3.53,0,0,0,0,0,0,NONE,0,0.0,0,0.0,0,0.0,0,0.0,0,0.0,0,0.0,0,0.0,0,0.0,0,0.0,0,0.0,0,0.0,0,0.0,0,0.0,0,0.0,0,0.0,0,0.0
94,28,14.29,0.0,0.0,7.14,3.96,2,0,0,0,0,0,NONE,0,0.0,0,0.0,2,7.14,0,0.0,0,0.0,0,0.0,0,0.0,0,0.0,0,0.0,0,0.0,0,0.0,0,0.0,0,0.0,0,0.0,0,0.0,0,0.0
95,18,11.11,0.0,0.0,0.0,5.06,0,0,0,0,0,0,NONE,0,0.0,0,0.0,0,0.0,0,0.0,0,0.0,0,0.0,0,0.0,0,0.0,0,0.0,0,0.0,0,0.0,0,0.0,0,0.0,0,0.0,0,0.0,0,0.0
96,10,20.0,0.0,0.0,0.0,5.1,0,0,0,0,0,0,NONE,0,0.0,0,0.0,0,0.0,0,0.0,0,0.0,0,0.0,0,0.0,0,0.0,0,0.0,0,0.0,0,0.0,0,0.0,0,0.0,0,0.0,0,0.0,0,0.0
97,29,17.24,0.0,0.0,0.0,4.28,0,0,0,0,0,0,NONE,0,0.0,0,0.0,0,0.0,0,0.0,0,0.0,0,0.0,0,0.0,0,0.0,0,0.0,0,0.0,0,0.0,0,0.0,0,0.0,0,0.0,0,0.0,0,0.0
98,18,16.67,0.0,0.0,0.0,4.22,0,0,0,0,0,0,NONE,0,0.0,0,0.0,0,0.0,0,0.0,0,0.0,0,0.0,0,0.0,0,0.0,0,0.0,0,0.0,0,0.0,0,0.0,0,0.0,0,0.0,0,0.0,0,0.0
99,28,10.71,0.0,0.0,0.0,4.04,0,0,0,2,0,0,NONE,0,0.0,0,0.0,0,0.0,0,0.0,0,0.0,0,0.0,0,0.0,0,0.0,0,0.0,0,0.0,1,3.57,1,3.57,0,0.0,0,0.0,0,0.0,0,0.0
100,28,21.43,0.0,3.57,0.0,3.96,0,0,3,0,0,0,NONE,0,0.0,0,0.0,0,0.0,0,0.0,0,0.0,0,0.0,0,0.0,2,7.14,0,0.0,1,3.57,0,0.0,0,0.0,0,0.0,0,0.0,0,0.0,0,0.0
101,24,8.33,0.0,0.0,0.0,4.12,0,0,0,0,0,0,NONE,0,0.0,0,0.0,0,0.0,0,0.0,0,0.0,0,0.0,0,0.0,0,0.0,0,0.0,0,0.0,0,0.0,0,0.0,0,0.0,0,0.0,0,0.0,0,0.0
102,14,7.14,0.0,0.0,0.0,4.14,0,0,1,0,0,0,NONE,0,0.0,0,0.0,0,0.0,0,0.0,0,0.0,0,0.0,0,0.0,1,7.14,0,0.0,0,0.0,0,0.0,0,0.0,0,0.0,0,0.0,0,0.0,0,0.0
103,14,7.14,0.0,0.0,0.0,4.14,0,0,0,0,0,0,NONE,0,0.0,0,0.0,0,0.0,0,0.0,0,0.0,0,0.0,0,0.0,0,0.0,0,0.0,0,0.0,0,0.0,0,0.0,0,0.0,0,0.0,0,0.0,0,0.0
104,59,10.17,0.0,1.69,1.69,4.03,0,0,0,1,1,0,NONE,0,0.0,0,0.0,0,0.0,0,0.0,0,0.0,0,0.0,0,0.0,0,0.0,0,0.0,0,0.0,0,0.0,0,0.0,1,1.69,1,1.69,0,0.0,0,0.0
105,63,6.35,0.0,0.0,1.59,5.25,0,0,0,0,0,0,NONE,0,0.0,0,0.0,0,0.0,0,0.0,0,0.0,0,0.0,0,0.0,0,0.0,0,0.0,0,0.0,0,0.0,0,0.0,0,0.0,0,0.0,0,0.0,0,0.0
106,54,18.52,0.0,0.0,1.85,3.89,0,0,0,1,0,0,NONE,0,0.0,0,0.0,0,0.0,0,0.0,0,0.0,0,0.0,0,0.0,0,0.0,0,0.0,0,0.0,1,1.85,0,0.0,0,0.0,0,0.0,0,0.0,0,0.0
107,58,12.07,0.0,0.0,0.0,4.5,0,0,0,3,0,0,NONE,0,0.0,0,0.0,0,0.0,0,0.0,0,0.0,0,0.0,0,0.0,0,0.0,0,0.0,0,0.0,2,3.45,1,1.72,0,0.0,0,0.0,0,0.0,0,0.0
108,89,10.11,0.0,0.0,0.0,4.2,0,0,0,1,0,0,NONE,0,0.0,0,0.0,0,0.0,0,0.0,0,0.0,0,0.0,0,0.0,0,0.0,0,0.0,0,0.0,1,1.12,0,0.0,0,0.0,0,0.0,0,0.0,0,0.0
109,96,11.46,0.0,3.12,0.0,4.16,0,0,2,1,0,0,NONE,0,0.0,0,0.0,0,0.0,0,0.0,0,0.0,0,0.0,0,0.0,0,0.0,2,2.08,0,0.0,0,0.0,0,0.0,1,1.04,0,0.0,0,0.0,0,0.0
110,23,21.74,0.0,0.0,0.0,3.96,0,0,0,0,0,0,NONE,0,0.0,0,0.0,0,0.0,0,0.0,0,0.0,0,0.0,0,0.0,0,0.0,0,0.0,0,0.0,0,0.0,0,0.0,0,0.0,0,0.0,0,0.0,0,0.0
111,23,17.39,0.0,0.0,0.0,3.61,0,0,0,0,0,0,NONE,0,0.0,0,0.0,0,0.0,0,0.0,0,0.0,0,0.0,0,0.0,0,0.0,0,0.0,0,0.0,0,0.0,0,0.0,0,0.0,0,0.0,0,0.0,0,0.0
112,31,16.13,0.0,3.23,0.0,4.03,0,0,0,1,0,0,NONE,0,0.0,0,0.0,0,0.0,0,0.0,0,0.0,0,0.0,0,0.0,0,0.0,0,0.0,0,0.0,1,3.23,0,0.0,0,0.0,0,0.0,0,0.0,0,0.0
113,78,10.26,0.0,0.0,0.0,3.91,0,0,1,0,0,0,NONE,0,0.0,0,0.0,0,0.0,0,0.0,0,0.0,0,0.0,0,0.0,1,1.28,0,0.0,0,0.0,0,0.0,0,0.0,0,0.0,0,0.0,0,0.0,0,0.0
114,42,14.29,0.0,4.76,2.38,4.21,0,0,0,1,0,0,NONE,0,0.0,0,0.0,0,0.0,0,0.0,0,0.0,0,0.0,0,0.0,0,0.0,0,0.0,0,0.0,1,2.38,0,0.0,0,0.0,0,0.0,0,0.0,0,0.0
115,44,11.36,0.0,2.27,0.0,4.66,0,1,0,0,0,0,NONE,0,0.0,0,0.0,0,0.0,0,0.0,1,2.27,0,0.0,0,0.0,0,0.0,0,0.0,0,0.0,0,0.0,0,0.0,0,0.0,0,0.0,0,0.0,0,0.0
116,51,7.84,0.0,3.92,1.96,4.12,2,0,0,0,0,0,NONE,2,3.92,0,0.0,0,0.0,0,0.0,0,0.0,0,0.0,0,0.0,0,0.0,0,0.0,0,0.0,0,0.0,0,0.0,0,0.0,0,0.0,0,0.0,0,0.0
117,23,17.39,0.0,0.0,0.0,4.7,0,0,0,0,0,0,NONE,0,0.0,0,0.0,0,0.0,0,0.0,0,0.0,0,0.0,0,0.0,0,0.0,0,0.0,0,0.0,0,0.0,0,0.0,0,0.0,0,0.0,0,0.0,0,0.0
118,58,15.52,0.0,1.72,0.0,3.98,0,0,1,0,0,0,NONE,0,0.0,0,0.0,0,0.0,0,0.0,0,0.0,0,0.0,0,0.0,1,1.72,0,0.0,0,0.0,0,0.0,0,0.0,0,0.0,0,0.0,0,0.0,0,0.0
119,40,10.0,0.0,0.0,0.0,4.3,0,0,0,2,0,0,NONE,0,0.0,0,0.0,0,0.0,0,0.0,0,0.0,0,0.0,0,0.0,0,0.0,0,0.0,0,0.0,2,5.0,0,0.0,0,0.0,0,0.0,0,0.0,0,0.0
120,27,14.81,0.0,0.0,0.0,4.19,0,0,0,0,0,0,NONE,0,0.0,0,0.0,0,0.0,0,0.0,0,0.0,0,0.0,0,0.0,0,0.0,0,0.0,0,0.0,0,0.0,0,0.0,0,0.0,0,0.0,0,0.0,0,0.0
121,21,19.05,0.0,0.0,0.0,3.81,2,0,1,0,0,0,NONE,2,9.52,0,0.0,0,0.0,0,0.0,0,0.0,0,0.0,0,0.0,1,4.76,0,0.0,0,0.0,0,0.0,0,0.0,0,0.0,0,0.0,0,0.0,0,0.0
122,25,8.0,0.0,0.0,0.0,4.92,0,0,0,0,0,0,NONE,0,0.0,0,0.0,0,0.0,0,0.0,0,0.0,0,0.0,0,0.0,0,0.0,0,0.0,0,0.0,0,0.0,0,0.0,0,0.0,0,0.0,0,0.0,0,0.0
123,16,12.5,0.0,0.0,0.0,3.94,2,0,0,0,0,0,NONE,1,6.25,0,0.0,1,6.25,0,0.0,0,0.0,0,0.0,0,0.0,0,0.0,0,0.0,0,0.0,0,0.0,0,0.0,0,0.0,0,0.0,0,0.0,0,0.0
124,27,18.52,0.0,0.0,0.0,3.63,0,0,2,0,0,0,NONE,0,0.0,0,0.0,0,0.0,0,0.0,0,0.0,0,0.0,0,0.0,1,3.7,0,0.0,1,3.7,0,0.0,0,0.0,0,0.0,0,0.0,0,0.0,0,0.0
125,12,16.67,0.0,0.0,0.0,3.83,0,0,0,0,0,0,NONE,0,0.0,0,0.0,0,0.0,0,0.0,0,0.0,0,0.0,0,0.0,0,0.0,0,0.0,0,0.0,0,0.0,0,0.0,0,0.0,0,0.0,0,0.0,0,0.0
126,20,10.0,0.0,5.0,5.0,3.5,0,0,0,0,1,0,NONE,0,0.0,0,0.0,0,0.0,0,0.0,0,0.0,0,0.0,0,0.0,0,0.0,0,0.0,0,0.0,0,0.0,0,0.0,0,0.0,1,5.0,0,0.0,0,0.0
127,24,12.5,0.0,0.0,0.0,4.83,0,0,0,0,1,0,NONE,0,0.0,0,0.0,0,0.0,0,0.0,0,0.0,0,0.0,0,0.0,0,0.0,0,0.0,0,0.0,0,0.0,0,0.0,0,0.0,1,4.17,0,0.0,0,0.0
128,23,13.04,0.0,0.0,0.0,4.09,0,0,0,0,0,0,NONE,0,0.0,0,0.0,0,0.0,0,0.0,0,0.0,0,0.0,0,0.0,0,0.0,0,0.0,0,0.0,0,0.0,0,0.0,0,0.0,0,0.0,0,0.0,0,0.0
129,14,7.14,0.0,0.0,0.0,4.71,0,0,0,0,0,0,NONE,0,0.0,0,0.0,0,0.0,0,0.0,0,0.0,0,0.0,0,0.0,0,0.0,0,0.0,0,0.0,0,0.0,0,0.0,0,0.0,0,0.0,0,0.0,0,0.0
130,31,16.13,0.0,0.0,0.0,3.71,0,0,0,0,0,0,NONE,0,0.0,0,0.0,0,0.0,0,0.0,0,0.0,0,0.0,0,0.0,0,0.0,0,0.0,0,0.0,0,0.0,0,0.0,0,0.0,0,0.0,0,0.0,0,0.0
131,12,25.0,0.0,8.33,0.0,4.75,0,0,0,0,0,0,NONE,0,0.0,0,0.0,0,0.0,0,0.0,0,0.0,0,0.0,0,0.0,0,0.0,0,0.0,0,0.0,0,0.0,0,0.0,0,0.0,0,0.0,0,0.0,0,0.0
132,13,0.0,0.0,0.0,0.0,4.62,0,0,0,0,0,0,NONE,0,0.0,0,0.0,0,0.0,0,0.0,0,0.0,0,0.0,0,0.0,0,0.0,0,0.0,0,0.0,0,0.0,0,0.0,0,0.0,0,0.0,0,0.0,0,0.0
133,21,9.52,0.0,0.0,0.0,4.62,0,0,0,1,0,0,NONE,0,0.0,0,0.0,0,0.0,0,0.0,0,0.0,0,0.0,0,0.0,0,0.0,0,0.0,0,0.0,1,4.76,0,0.0,0,0.0,0,0.0,0,0.0,0,0.0
134,18,16.67,0.0,0.0,0.0,4.33,0,0,0,0,0,0,NONE,0,0.0,0,0.0,0,0.0,0,0.0,0,0.0,0,0.0,0,0.0,0,0.0,0,0.0,0,0.0,0,0.0,0,0.0,0,0.0,0,0.0,0,0.0,0,0.0
135,20,15.0,0.0,0.0,5.0,4.1,0,0,0,0,0,0,NONE,0,0.0,0,0.0,0,0.0,0,0.0,0,0.0,0,0.0,0,0.0,0,0.0,0,0.0,0,0.0,0,0.0,0,0.0,0,0.0,0,0.0,0,0.0,0,0.0
136,19,21.05,0.0,10.53,0.0,4.0,0,0,1,0,0,0,NONE,0,0.0,0,0.0,0,0.0,0,0.0,0,0.0,0,0.0,0,0.0,1,5.26,0,0.0,0,0.0,0,0.0,0,0.0,0,0.0,0,0.0,0,0.0,0,0.0
137,11,0.0,0.0,0.0,0.0,4.82,0,0,0,0,0,0,NONE,0,0.0,0,0.0,0,0.0,0,0.0,0,0.0,0,0.0,0,0.0,0,0.0,0,0.0,0,0.0,0,0.0,0,0.0,0,0.0,0,0.0,0,0.0,0,0.0
138,43,9.3,0.0,0.0,0.0,4.26,0,0,3,0,0,0,NONE,0,0.0,0,0.0,0,0.0,0,0.0,0,0.0,0,0.0,0,0.0,1,2.33,1,2.33,1,2.33,0,0.0,0,0.0,0,0.0,0,0.0,0,0.0,0,0.0
139,47,12.77,0.0,2.13,0.0,3.98,0,0,0,0,0,0,NONE,0,0.0,0,0.0,0,0.0,0,0.0,0,0.0,0,0.0,0,0.0,0,0.0,0,0.0,0,0.0,0,0.0,0,0.0,0,0.0,0,0.0,0,0.0,0,0.0
140,45,13.33,0.0,0.0,0.0,4.04,0,0,0,0,0,0,NONE,0,0.0,0,0.0,0,0.0,0,0.0,0,0.0,0,0.0,0,0.0,0,0.0,0,0.0,0,0.0,0,0.0,0,0.0,0,0.0,0,0.0,0,0.0,0,0.0
141,50,12.0,0.0,0.0,0.0,4.02,0,0,0,2,0,0,NONE,0,0.0,0,0.0,0,0.0,0,0.0,0,0.0,0,0.0,0,0.0,0,0.0,0,0.0,0,0.0,2,4.0,0,0.0,0,0.0,0,0.0,0,0.0,0,0.0
142,32,6.25,0.0,0.0,0.0,4.0,0,0,0,0,0,0,NONE,0,0.0,0,0.0,0,0.0,0,0.0,0,0.0,0,0.0,0,0.0,0,0.0,0,0.0,0,0.0,0,0.0,0,0.0,0,0.0,0,0.0,0,0.0,0,0.0
143,43,11.63,0.0,0.0,0.0,4.16,1,0,0,0,0,0,NONE,0,0.0,0,0.0,1,2.33,0,0.0,0,0.0,0,0.0,0,0.0,0,0.0,0,0.0,0,0.0,0,0.0,0,0.0,0,0.0,0,0.0,0,0.0,0,0.0
144,18,11.11,0.0,0.0,0.0,4.67,0,0,0,0,0,0,NONE,0,0.0,0,0.0,0,0.0,0,0.0,0,0.0,0,0.0,0,0.0,0,0.0,0,0.0,0,0.0,0,0.0,0,0.0,0,0.0,0,0.0,0,0.0,0,0.0
145,44,13.64,0.0,0.0,0.0,4.43,0,0,0,0,0,0,NONE,0,0.0,0,0.0,0,0.0,0,0.0,0,0.0,0,0.0,0,0.0,0,0.0,0,0.0,0,0.0,0,0.0,0,0.0,0,0.0,0,0.0,0,0.0,0,0.0
146,43,11.63,0.0,0.0,0.0,4.53,0,0,0,0,0,0,NONE,0,0.0,0,0.0,0,0.0,0,0.0,0,0.0,0,0.0,0,0.0,0,0.0,0,0.0,0,0.0,0,0.0,0,0.0,0,0.0,0,0.0,0,0.0,0,0.0
147,42,11.9,0.0,0.0,0.0,4.07,0,0,0,0,0,0,NONE,0,0.0,0,0.0,0,0.0,0,0.0,0,0.0,0,0.0,0,0.0,0,0.0,0,0.0,0,0.0,0,0.0,0,0.0,0,0.0,0,0.0,0,0.0,0,0.0
148,28,3.57,0.0,3.57,0.0,4.18,0,0,0,0,0,0,NONE,0,0.0,0,0.0,0,0.0,0,0.0,0,0.0,0,0.0,0,0.0,0,0.0,0,0.0,0,0.0,0,0.0,0,0.0,0,0.0,0,0.0,0,0.0,0,0.0
149,31,16.13,0.0,3.23,0.0,4.39,0,0,1,0,0,0,NONE,0,0.0,0,0.0,0,0.0,0,0.0,0,0.0,0,0.0,0,0.0,0,0.0,1,3.23,0,0.0,0,0.0,0,0.0,0,0.0,0,0.0,0,0.0,0,0.0
150,51,9.8,0.0,1.96,0.0,4.57,0,1,1,0,0,0,NONE,0,0.0,0,0.0,0,0.0,0,0.0,1,1.96,0,0.0,0,0.0,1,1.96,0,0.0,0,0.0,0,0.0,0,0.0,0,0.0,0,0.0,0,0.0,0,0.0
151,15,13.33,0.0,0.0,0.0,5.67,0,0,0,0,0,0,NONE,0,0.0,0,0.0,0,0.0,0,0.0,0,0.0,0,0.0,0,0.0,0,0.0,0,0.0,0,0.0,0,0.0,0,0.0,0,0.0,0,0.0,0,0.0,0,0.0
152,32,15.62,0.0,3.12,0.0,4.5,0,0,0,0,0,0,NONE,0,0.0,0,0.0,0,0.0,0,0.0,0,0.0,0,0.0,0,0.0,0,0.0,0,0.0,0,0.0,0,0.0,0,0.0,0,0.0,0,0.0,0,0.0,0,0.0
153,42,9.52,4.76,0.0,0.0,3.62,0,0,1,0,0,0,NONE,0,0.0,0,0.0,0,0.0,0,0.0,0,0.0,0,0.0,0,0.0,1,2.38,0,0.0,0,0.0,0,0.0,0,0.0,0,0.0,0,0.0,0,0.0,0,0.0
154,29,13.79,0.0,0.0,0.0,3.79,0,0,0,0,0,0,NONE,0,0.0,0,0.0,0,0.0,0,0.0,0,0.0,0,0.0,0,0.0,0,0.0,0,0.0,0,0.0,0,0.0,0,0.0,0,0.0,0,0.0,0,0.0,0,0.0
155,36,11.11,0.0,0.0,0.0,4.39,0,0,0,0,0,0,NONE,0,0.0,0,0.0,0,0.0,0,0.0,0,0.0,0,0.0,0,0.0,0,0.0,0,0.0,0,0.0,0,0.0,0,0.0,0,0.0,0,0.0,0,0.0,0,0.0
156,10,20.0,0.0,0.0,0.0,4.9,0,0,0,0,0,0,NONE,0,0.0,0,0.0,0,0.0,0,0.0,0,0.0,0,0.0,0,0.0,0,0.0,0,0.0,0,0.0,0,0.0,0,0.0,0,0.0,0,0.0,0,0.0,0,0.0
157,26,7.69,0.0,7.69,0.0,4.38,0,0,1,0,0,0,NONE,0,0.0,0,0.0,0,0.0,0,0.0,0,0.0,0,0.0,0,0.0,1,3.85,0,0.0,0,0.0,0,0.0,0,0.0,0,0.0,0,0.0,0,0.0,0,0.0
158,31,12.9,0.0,3.23,0.0,4.23,0,0,0,0,0,0,NONE,0,0.0,0,0.0,0,0.0,0,0.0,0,0.0,0,0.0,0,0.0,0,0.0,0,0.0,0,0.0,0,0.0,0,0.0,0,0.0,0,0.0,0,0.0,0,0.0
159,29,3.45,6.9,3.45,0.0,4.34,0,0,0,0,0,0,NONE,0,0.0,0,0.0,0,0.0,0,0.0,0,0.0,0,0.0,0,0.0,0,0.0,0,0.0,0,0.0,0,0.0,0,0.0,0,0.0,0,0.0,0,0.0,0,0.0
160,42,16.67,0.0,0.0,0.0,4.07,0,0,2,0,0,0,NONE,0,0.0,0,0.0,0,0.0,0,0.0,0,0.0,0,0.0,0,0.0,2,4.76,0,0.0,0,0.0,0,0.0,0,0.0,0,0.0,0,0.0,0,0.0,0,0.0
161,47,6.38,0.0,4.26,0.0,4.57,0,0,0,1,0,0,NONE,0,0.0,0,0.0,0,0.0,0,0.0,0,0.0,0,0.0,0,0.0,0,0.0,0,0.0,0,0.0,0,0.0,1,2.13,0,0.0,0,0.0,0,0.0,0,0.0
162,31,12.9,0.0,0.0,0.0,3.87,0,0,1,0,0,0,NONE,0,0.0,0,0.0,0,0.0,0,0.0,0,0.0,0,0.0,0,0.0,1,3.23,0,0.0,0,0.0,0,0.0,0,0.0,0,0.0,0,0.0,0,0.0,0,0.0
163,26,3.85,0.0,0.0,0.0,5.35,0,0,0,1,0,0,NONE,0,0.0,0,0.0,0,0.0,0,0.0,0,0.0,0,0.0,0,0.0,0,0.0,0,0.0,0,0.0,0,0.0,1,3.85,0,0.0,0,0.0,0,0.0,0,0.0
164,24,16.67,0.0,0.0,0.0,4.83,0,0,1,0,0,0,NONE,0,0.0,0,0.0,0,0.0,0,0.0,0,0.0,0,0.0,0,0.0,1,4.17,0,0.0,0,0.0,0,0.0,0,0.0,0,0.0,0,0.0,0,0.0,0,0.0
165,30,20.0,0.0,0.0,0.0,4.23,0,0,1,0,0,0,NONE,0,0.0,0,0.0,0,0.0,0,0.0,0,0.0,0,0.0,0,0.0,0,0.0,1,3.33,0,0.0,0,0.0,0,0.0,0,0.0,0,0.0,0,0.0,0,0.0
166,26,15.38,0.0,0.0,0.0,4.31,0,0,0,0,0,0,NONE,0,0.0,0,0.0,0,0.0,0,0.0,0,0.0,0,0.0,0,0.0,0,0.0,0,0.0,0,0.0,0,0.0,0,0.0,0,0.0,0,0.0,0,0.0,0,0.0
167,45,13.33,0.0,0.0,0.0,3.49,0,0,0,1,0,0,NONE,0,0.0,0,0.0,0,0.0,0,0.0,0,0.0,0,0.0,0,0.0,0,0.0,0,0.0,0,0.0,1,2.22,0,0.0,0,0.0,0,0.0,0,0.0,0,0.0
168,35,11.43,0.0,2.86,0.0,3.94,0,0,0,0,0,0,NONE,0,0.0,0,0.0,0,0.0,0,0.0,0,0.0,0,0.0,0,0.0,0,0.0,0,0.0,0,0.0,0,0.0,0,0.0,0,0.0,0,0.0,0,0.0,0,0.0
169,24,12.5,0.0,0.0,0.0,4.08,0,0,0,1,0,0,NONE,0,0.0,0,0.0,0,0.0,0,0.0,0,0.0,0,0.0,0,0.0,0,0.0,0,0.0,0,0.0,1,4.17,0,0.0,0,0.0,0,0.0,0,0.0,0,0.0
170,38,10.53,0.0,0.0,0.0,4.21,0,0,0,0,0,0,NONE,0,0.0,0,0.0,0,0.0,0,0.0,0,0.0,0,0.0,0,0.0,0,0.0,0,0.0,0,0.0,0,0.0,0,0.0,0,0.0,0,0.0,0,0.0,0,0.0
171,25,12.0,0.0,0.0,0.0,4.88,0,0,1,0,0,0,NONE,0,0.0,0,0.0,0,0.0,0,0.0,0,0.0,0,0.0,0,0.0,1,4.0,0,0.0,0,0.0,0,0.0,0,0.0,0,0.0,0,0.0,0,0.0,0,0.0
172,53,9.43,0.0,0.0,1.89,4.6,0,0,0,0,0,0,NONE,0,0.0,0,0.0,0,0.0,0,0.0,0,0.0,0,0.0,0,0.0,0,0.0,0,0.0,0,0.0,0,0.0,0,0.0,0,0.0,0,0.0,0,0.0,0,0.0
173,45,15.56,0.0,6.67,0.0,4.09,0,0,0,0,0,0,NONE,0,0.0,0,0.0,0,0.0,0,0.0,0,0.0,0,0.0,0,0.0,0,0.0,0,0.0,0,0.0,0,0.0,0,0.0,0,0.0,0,0.0,0,0.0,0,0.0
174,25,8.0,0.0,12.0,0.0,4.2,0,0,1,0,0,0,NONE,0,0.0,0,0.0,0,0.0,0,0.0,0,0.0,0,0.0,0,0.0,0,0.0,1,4.0,0,0.0,0,0.0,0,0.0,0,0.0,0,0.0,0,0.0,0,0.0
175,12,25.0,0.0,0.0,0.0,4.17,0,0,1,0,0,0,NONE,0,0.0,0,0.0,0,0.0,0,0.0,0,0.0,0,0.0,0,0.0,1,8.33,0,0.0,0,0.0,0,0.0,0,0.0,0,0.0,0,0.0,0,0.0,0,0.0
176,40,12.5,0.0,0.0,2.5,4.5,0,0,1,0,0,0,NONE,0,0.0,0,0.0,0,0.0,0,0.0,0,0.0,0,0.0,0,0.0,0,0.0,1,2.5,0,0.0,0,0.0,0,0.0,0,0.0,0,0.0,0,0.0,0,0.0
177,58,10.34,0.0,1.72,0.0,4.09,0,0,1,0,1,0,NONE,0,0.0,0,0.0,0,0.0,0,0.0,0,0.0,0,0.0,0,0.0,1,1.72,0,0.0,0,0.0,0,0.0,0,0.0,0,0.0,1,1.72,0,0.0,0,0.0
178,21,14.29,0.0,0.0,0.0,4.05,0,0,0,0,0,0,NONE,0,0.0,0,0.0,0,0.0,0,0.0,0,0.0,0,0.0,0,0.0,0,0.0,0,0.0,0,0.0,0,0.0,0,0.0,0,0.0,0,0.0,0,0.0,0,0.0
179,19,10.53,0.0,0.0,0.0,4.0,0,0,0,0,0,0,NONE,0,0.0,0,0.0,0,0.0,0,0.0,0,0.0,0,0.0,0,0.0,0,0.0,0,0.0,0,0.0,0,0.0,0,0.0,0,0.0,0,0.0,0,0.0,0,0.0
180,16,18.75,0.0,0.0,0.0,3.88,0,0,0,0,0,0,NONE,0,0.0,0,0.0,0,0.0,0,0.0,0,0.0,0,0.0,0,0.0,0,0.0,0,0.0,0,0.0,0,0.0,0,0.0,0,0.0,0,0.0,0,0.0,0,0.0
181,12,0.0,0.0,0.0,0.0,4.25,0,0,0,0,1,0,NONE,0,0.0,0,0.0,0,0.0,0,0.0,0,0.0,0,0.0,0,0.0,0,0.0,0,0.0,0,0.0,0,0.0,0,0.0,0,0.0,1,8.33,0,0.0,0,0.0
182,15,0.0,0.0,0.0,0.0,4.47,0,0,0,0,0,0,NONE,0,0.0,0,0.0,0,0.0,0,0.0,0,0.0,0,0.0,0,0.0,0,0.0,0,0.0,0,0.0,0,0.0,0,0.0,0,0.0,0,0.0,0,0.0,0,0.0
183,20,0.0,0.0,0.0,0.0,4.05,0,0,0,0,0,0,NONE,0,0.0,0,0.0,0,0.0,0,0.0,0,0.0,0,0.0,0,0.0,0,0.0,0,0.0,0,0.0,0,0.0,0,0.0,0,0.0,0,0.0,0,0.0,0,0.0
184,26,7.69,0.0,0.0,0.0,3.88,0,0,0,0,0,0,NONE,0,0.0,0,0.0,0,0.0,0,0.0,0,0.0,0,0.0,0,0.0,0,0.0,0,0.0,0,0.0,0,0.0,0,0.0,0,0.0,0,0.0,0,0.0,0,0.0
185,14,0.0,0.0,0.0,0.0,3.5,0,0,0,0,0,0,NONE,0,0.0,0,0.0,0,0.0,0,0.0,0,0.0,0,0.0,0,0.0,0,0.0,0,0.0,0,0.0,0,0.0,0,0.0,0,0.0,0,0.0,0,0.0,0,0.0
186,19,10.53,0.0,0.0,5.26,4.0,0,0,0,0,0,0,NONE,0,0.0,0,0.0,0,0.0,0,0.0,0,0.0,0,0.0,0,0.0,0,0.0,0,0.0,0,0.0,0,0.0,0,0.0,0,0.0,0,0.0,0,0.0,0,0.0
187,11,9.09,0.0,0.0,0.0,4.0,0,0,0,0,0,0,NONE,0,0.0,0,0.0,0,0.0,0,0.0,0,0.0,0,0.0,0,0.0,0,0.0,0,0.0,0,0.0,0,0.0,0,0.0,0,0.0,0,0.0,0,0.0,0,0.0
188,12,25.0,0.0,0.0,0.0,3.92,0,0,0,0,0,0,NONE,0,0.0,0,0.0,0,0.0,0,0.0,0,0.0,0,0.0,0,0.0,0,0.0,0,0.0,0,0.0,0,0.0,0,0.0,0,0.0,0,0.0,0,0.0,0,0.0
189,8,12.5,0.0,0.0,0.0,5.38,0,0,0,0,0,0,NONE,0,0.0,0,0.0,0,0.0,0,0.0,0,0.0,0,0.0,0,0.0,0,0.0,0,0.0,0,0.0,0,0.0,0,0.0,0,0.0,0,0.0,0,0.0,0,0.0
190,16,0.0,0.0,0.0,0.0,3.5,0,0,0,0,0,0,NONE,0,0.0,0,0.0,0,0.0,0,0.0,0,0.0,0,0.0,0,0.0,0,0.0,0,0.0,0,0.0,0,0.0,0,0.0,0,0.0,0,0.0,0,0.0,0,0.0
191,18,22.22,0.0,11.11,0.0,3.78,0,0,0,0,0,0,NONE,0,0.0,0,0.0,0,0.0,0,0.0,0,0.0,0,0.0,0,0.0,0,0.0,0,0.0,0,0.0,0,0.0,0,0.0,0,0.0,0,0.0,0,0.0,0,0.0
192,18,11.11,0.0,0.0,0.0,3.56,0,0,0,0,0,0,NONE,0,0.0,0,0.0,0,0.0,0,0.0,0,0.0,0,0.0,0,0.0,0,0.0,0,0.0,0,0.0,0,0.0,0,0.0,0,0.0,0,0.0,0,0.0,0,0.0
193,25,16.0,0.0,0.0,0.0,3.68,0,0,0,1,0,0,NONE,0,0.0,0,0.0,0,0.0,0,0.0,0,0.0,0,0.0,0,0.0,0,0.0,0,0.0,0,0.0,1,4.0,0,0.0,0,0.0,0,0.0,0,0.0,0,0.0
194,16,12.5,0.0,0.0,0.0,5.06,0,0,0,0,0,0,NONE,0,0.0,0,0.0,0,0.0,0,0.0,0,0.0,0,0.0,0,0.0,0,0.0,0,0.0,0,0.0,0,0.0,0,0.0,0,0.0,0,0.0,0,0.0,0,0.0
195,19,21.05,0.0,0.0,0.0,4.53,0,0,0,1,0,0,NONE,0,0.0,0,0.0,0,0.0,0,0.0,0,0.0,0,0.0,0,0.0,0,0.0,0,0.0,0,0.0,1,5.26,0,0.0,0,0.0,0,0.0,0,0.0,0,0.0
196,19,15.79,0.0,0.0,0.0,3.58,0,0,0,0,0,0,NONE,0,0.0,0,0.0,0,0.0,0,0.0,0,0.0,0,0.0,0,0.0,0,0.0,0,0.0,0,0.0,0,0.0,0,0.0,0,0.0,0,0.0,0,0.0,0,0.0
197,27,7.41,0.0,0.0,0.0,4.56,0,0,0,0,0,0,NONE,0,0.0,0,0.0,0,0.0,0,0.0,0,0.0,0,0.0,0,0.0,0,0.0,0,0.0,0,0.0,0,0.0,0,0.0,0,0.0,0,0.0,0,0.0,0,0.0
198,12,16.67,0.0,0.0,0.0,4.0,0,0,0,0,0,0,NONE,0,0.0,0,0.0,0,0.0,0,0.0,0,0.0,0,0.0,0,0.0,0,0.0,0,0.0,0,0.0,0,0.0,0,0.0,0,0.0,0,0.0,0,0.0,0,0.0
199,13,7.69,0.0,0.0,7.69,4.08,0,0,0,0,0,0,NONE,0,0.0,0,0.0,0,0.0,0,0.0,0,0.0,0,0.0,0,0.0,0,0.0,0,0.0,0,0.0,0,0.0,0,0.0,0,0.0,0,0.0,0,0.0,0,0.0
200,14,7.14,0.0,0.0,0.0,4.57,0,0,0,1,0,0,NONE,0,0.0,0,0.0,0,0.0,0,0.0,0,0.0,0,0.0,0,0.0,0,0.0,0,0.0,0,0.0,0,0.0,1,7.14,0,0.0,0,0.0,0,0.0,0,0.0
201,16,0.0,0.0,6.25,12.5,4.81,0,0,0,0,0,0,NONE,0,0.0,0,0.0,0,0.0,0,0.0,0,0.0,0,0.0,0,0.0,0,0.0,0,0.0,0,0.0,0,0.0,0,0.0,0,0.0,0,0.0,0,0.0,0,0.0
202,13,15.38,0.0,0.0,0.0,5.85,0,0,0,0,0,0,NONE,0,0.0,0,0.0,0,0.0,0,0.0,0,0.0,0,0.0,0,0.0,0,0.0,0,0.0,0,0.0,0,0.0,0,0.0,0,0.0,0,0.0,0,0.0,0,0.0
203,10,10.0,0.0,10.0,0.0,5.2,0,0,0,0,0,0,NONE,0,0.0,0,0.0,0,0.0,0,0.0,0,0.0,0,0.0,0,0.0,0,0.0,0,0.0,0,0.0,0,0.0,0,0.0,0,0.0,0,0.0,0,0.0,0,0.0
204,12,8.33,0.0,8.33,0.0,4.42,0,0,0,0,0,0,NONE,0,0.0,0,0.0,0,0.0,0,0.0,0,0.0,0,0.0,0,0.0,0,0.0,0,0.0,0,0.0,0,0.0,0,0.0,0,0.0,0,0.0,0,0.0,0,0.0
205,17,0.0,0.0,0.0,0.0,3.24,0,0,0,0,0,0,NONE,0,0.0,0,0.0,0,0.0,0,0.0,0,0.0,0,0.0,0,0.0,0,0.0,0,0.0,0,0.0,0,0.0,0,0.0,0,0.0,0,0.0,0,0.0,0,0.0
206,19,5.26,0.0,0.0,0.0,4.26,0,0,0,0,0,0,NONE,0,0.0,0,0.0,0,0.0,0,0.0,0,0.0,0,0.0,0,0.0,0,0.0,0,0.0,0,0.0,0,0.0,0,0.0,0,0.0,0,0.0,0,0.0,0,0.0
207,13,15.38,0.0,0.0,15.38,4.0,0,0,0,0,0,0,NONE,0,0.0,0,0.0,0,0.0,0,0.0,0,0.0,0,0.0,0,0.0,0,0.0,0,0.0,0,0.0,0,0.0,0,0.0,0,0.0,0,0.0,0,0.0,0,0.0
208,16,6.25,0.0,0.0,0.0,3.75,0,0,0,0,0,0,NONE,0,0.0,0,0.0,0,0.0,0,0.0,0,0.0,0,0.0,0,0.0,0,0.0,0,0.0,0,0.0,0,0.0,0,0.0,0,0.0,0,0.0,0,0.0,0,0.0
209,15,6.67,0.0,0.0,0.0,3.73,0,0,0,0,0,0,NONE,0,0.0,0,0.0,0,0.0,0,0.0,0,0.0,0,0.0,0,0.0,0,0.0,0,0.0,0,0.0,0,0.0,0,0.0,0,0.0,0,0.0,0,0.0,0,0.0
210,13,15.38,0.0,0.0,0.0,3.85,1,0,0,0,0,0,NONE,0,0.0,0,0.0,1,7.69,0,0.0,0,0.0,0,0.0,0,0.0,0,0.0,0,0.0,0,0.0,0,0.0,0,0.0,0,0.0,0,0.0,0,0.0,0,0.0
211,9,11.11,0.0,0.0,0.0,5.67,0,0,0,0,0,0,NONE,0,0.0,0,0.0,0,0.0,0,0.0,0,0.0,0,0.0,0,0.0,0,0.0,0,0.0,0,0.0,0,0.0,0,0.0,0,0.0,0,0.0,0,0.0,0,0.0
212,12,16.67,0.0,0.0,0.0,5.25,0,0,0,0,0,0,NONE,0,0.0,0,0.0,0,0.0,0,0.0,0,0.0,0,0.0,0,0.0,0,0.0,0,0.0,0,0.0,0,0.0,0,0.0,0,0.0,0,0.0,0,0.0,0,0.0
213,11,9.09,0.0,0.0,0.0,5.36,0,0,1,0,0,0,NONE,0,0.0,0,0.0,0,0.0,0,0.0,0,0.0,0,0.0,0,0.0,0,0.0,1,9.09,0,0.0,0,0.0,0,0.0,0,0.0,0,0.0,0,0.0,0,0.0
214,11,18.18,0.0,0.0,0.0,4.27,0,0,0,0,0,0,NONE,0,0.0,0,0.0,0,0.0,0,0.0,0,0.0,0,0.0,0,0.0,0,0.0,0,0.0,0,0.0,0,0.0,0,0.0,0,0.0,0,0.0,0,0.0,0,0.0
215,15,13.33,0.0,0.0,0.0,4.27,1,0,0,0,1,1,HIGH,1,6.67,0,0.0,0,0.0,0,0.0,0,0.0,0,0.0,0,0.0,0,0.0,0,0.0,0,0.0,0,0.0,0,0.0,0,0.0,0,0.0,1,6.67,0,0.0
216,11,9.09,0.0,0.0,0.0,4.82,0,0,0,0,0,0,NONE,0,0.0,0,0.0,0,0.0,0,0.0,0,0.0,0,0.0,0,0.0,0,0.0,0,0.0,0,0.0,0,0.0,0,0.0,0,0.0,0,0.0,0,0.0,0,0.0
217,16,12.5,0.0,0.0,0.0,4.0,0,0,1,0,0,0,NONE,0,0.0,0,0.0,0,0.0,0,0.0,0,0.0,0,0.0,0,0.0,0,0.0,1,6.25,0,0.0,0,0.0,0,0.0,0,0.0,0,0.0,0,0.0,0,0.0
218,16,6.25,0.0,0.0,6.25,4.25,0,0,0,0,0,0,NONE,0,0.0,0,0.0,0,0.0,0,0.0,0,0.0,0,0.0,0,0.0,0,0.0,0,0.0,0,0.0,0,0.0,0,0.0,0,0.0,0,0.0,0,0.0,0,0.0
219,16,31.25,0.0,0.0,0.0,4.81,0,0,0,2,0,0,NONE,0,0.0,0,0.0,0,0.0,0,0.0,0,0.0,0,0.0,0,0.0,0,0.0,0,0.0,0,0.0,1,6.25,1,6.25,0,0.0,0,0.0,0,0.0,0,0.0
220,30,6.67,6.67,6.67,0.0,4.63,0,0,0,1,0,0,NONE,0,0.0,0,0.0,0,0.0,0,0.0,0,0.0,0,0.0,0,0.0,0,0.0,0,0.0,0,0.0,0,0.0,1,3.33,0,0.0,0,0.0,0,0.0,0,0.0
221,15,6.67,0.0,0.0,6.67,4.4,2,0,0,0,0,0,NONE,0,0.0,0,0.0,2,13.33,0,0.0,0,0.0,0,0.0,0,0.0,0,0.0,0,0.0,0,0.0,0,0.0,0,0.0,0,0.0,0,0.0,0,0.0,0,0.0
222,14,7.14,0.0,0.0,0.0,4.57,0,0,0,0,0,0,NONE,0,0.0,0,0.0,0,0.0,0,0.0,0,0.0,0,0.0,0,0.0,0,0.0,0,0.0,0,0.0,0,0.0,0,0.0,0,0.0,0,0.0,0,0.0,0,0.0
223,43,20.93,0.0,0.0,0.0,4.35,1,0,0,0,0,0,NONE,1,2.33,0,0.0,0,0.0,0,0.0,0,0.0,0,0.0,0,0.0,0,0.0,0,0.0,0,0.0,0,0.0,0,0.0,0,0.0,0,0.0,0,0.0,0,0.0
224,16,12.5,0.0,0.0,0.0,5.56,0,0,0,0,0,0,NONE,0,0.0,0,0.0,0,0.0,0,0.0,0,0.0,0,0.0,0,0.0,0,0.0,0,0.0,0,0.0,0,0.0,0,0.0,0,0.0,0,0.0,0,0.0,0,0.0
225,19,21.05,0.0,0.0,0.0,3.95,0,0,0,1,0,0,NONE,0,0.0,0,0.0,0,0.0,0,0.0,0,0.0,0,0.0,0,0.0,0,0.0,0,0.0,0,0.0,1,5.26,0,0.0,0,0.0,0,0.0,0,0.0,0,0.0
226,16,12.5,0.0,0.0,0.0,4.31,0,0,0,0,0,0,NONE,0,0.0,0,0.0,0,0.0,0,0.0,0,0.0,0,0.0,0,0.0,0,0.0,0,0.0,0,0.0,0,0.0,0,0.0,0,0.0,0,0.0,0,0.0,0,0.0
227,19,10.53,0.0,0.0,0.0,3.53,1,0,0,0,0,0,NONE,0,0.0,0,0.0,1,5.26,0,0.0,0,0.0,0,0.0,0,0.0,0,0.0,0,0.0,0,0.0,0,0.0,0,0.0,0,0.0,0,0.0,0,0.0,0,0.0
228,16,0.0,0.0,0.0,0.0,4.69,0,0,0,0,0,0,NONE,0,0.0,0,0.0,0,0.0,0,0.0,0,0.0,0,0.0,0,0.0,0,0.0,0,0.0,0,0.0,0,0.0,0,0.0,0,0.0,0,0.0,0,0.0,0,0.0
229,11,0.0,0.0,0.0,0.0,4.27,0,0,0,0,0,0,NONE,0,0.0,0,0.0,0,0.0,0,0.0,0,0.0,0,0.0,0,0.0,0,0.0,0,0.0,0,0.0,0,0.0,0,0.0,0,0.0,0,0.0,0,0.0,0,0.0
230,15,6.67,0.0,0.0,0.0,5.07,0,0,0,0,0,0,NONE,0,0.0,0,0.0,0,0.0,0,0.0,0,0.0,0,0.0,0,0.0,0,0.0,0,0.0,0,0.0,0,0.0,0,0.0,0,0.0,0,0.0,0,0.0,0,0.0
231,16,6.25,0.0,0.0,0.0,4.12,0,0,0,0,0,0,NONE,0,0.0,0,0.0,0,0.0,0,0.0,0,0.0,0,0.0,0,0.0,0,0.0,0,0.0,0,0.0,0,0.0,0,0.0,0,0.0,0,0.0,0,0.0,0,0.0
232,20,10.0,0.0,0.0,0.0,3.85,0,0,0,0,0,0,NONE,0,0.0,0,0.0,0,0.0,0,0.0,0,0.0,0,0.0,0,0.0,0,0.0,0,0.0,0,0.0,0,0.0,0,0.0,0,0.0,0,0.0,0,0.0,0,0.0
233,18,0.0,0.0,0.0,0.0,3.28,0,0,0,0,0,0,NONE,0,0.0,0,0.0,0,0.0,0,0.0,0,0.0,0,0.0,0,0.0,0,0.0,0,0.0,0,0.0,0,0.0,0,0.0,0,0.0,0,0.0,0,0.0,0,0.0
234,90,2.22,0.0,0.0,0.0,4.23,0,0,0,0,0,0,NONE,0,0.0,0,0.0,0,0.0,0,0.0,0,0.0,0,0.0,0,0.0,0,0.0,0,0.0,0,0.0,0,0.0,0,0.0,0,0.0,0,0.0,0,0.0,0,0.0
235,45,8.89,0.0,0.0,2.22,4.2,1,0,0,0,0,0,NONE,1,2.22,0,0.0,0,0.0,0,0.0,0,0.0,0,0.0,0,0.0,0,0.0,0,0.0,0,0.0,0,0.0,0,0.0,0,0.0,0,0.0,0,0.0,0,0.0
236,40,5.0,0.0,0.0,0.0,4.05,0,0,0,0,0,0,NONE,0,0.0,0,0.0,0,0.0,0,0.0,0,0.0,0,0.0,0,0.0,0,0.0,0,0.0,0,0.0,0,0.0,0,0.0,0,0.0,0,0.0,0,0.0,0,0.0
237,45,11.11,0.0,0.0,0.0,4.04,0,0,0,0,1,0,NONE,0,0.0,0,0.0,0,0.0,0,0.0,0,0.0,0,0.0,0,0.0,0,0.0,0,0.0,0,0.0,0,0.0,0,0.0,0,0.0,1,2.22,0,0.0,0,0.0
238,97,13.4,0.0,0.0,3.09,4.02,0,0,2,0,1,0,NONE,0,0.0,0,0.0,0,0.0,0,0.0,0,0.0,0,0.0,0,0.0,1,1.03,0,0.0,1,1.03,0,0.0,0,0.0,0,0.0,1,1.03,0,0.0,0,0.0
239,38,7.89,0.0,0.0,0.0,3.89,0,0,0,1,0,0,NONE,0,0.0,0,0.0,0,0.0,0,0.0,0,0.0,0,0.0,0,0.0,0,0.0,0,0.0,0,0.0,1,2.63,0,0.0,0,0.0,0,0.0,0,0.0,0,0.0
240,49,12.24,0.0,0.0,0.0,3.98,0,0,0,1,0,0,NONE,0,0.0,0,0.0,0,0.0,0,0.0,0,0.0,0,0.0,0,0.0,0,0.0,0,0.0,0,0.0,1,2.04,0,0.0,0,0.0,0,0.0,0,0.0,0,0.0
241,14,7.14,0.0,0.0,0.0,4.86,0,0,0,0,0,0,NONE,0,0.0,0,0.0,0,0.0,0,0.0,0,0.0,0,0.0,0,0.0,0,0.0,0,0.0,0,0.0,0,0.0,0,0.0,0,0.0,0,0.0,0,0.0,0,0.0
242,12,16.67,0.0,0.0,0.0,4.0,0,0,0,0,0,0,NONE,0,0.0,0,0.0,0,0.0,0,0.0,0,0.0,0,0.0,0,0.0,0,0.0,0,0.0,0,0.0,0,0.0,0,0.0,0,0.0,0,0.0,0,0.0,0,0.0
243,39,10.26,0.0,0.0,0.0,4.33,0,0,0,0,0,0,NONE,0,0.0,0,0.0,0,0.0,0,0.0,0,0.0,0,0.0,0,0.0,0,0.0,0,0.0,0,0.0,0,0.0,0,0.0,0,0.0,0,0.0,0,0.0,0,0.0
244,25,8.0,0.0,0.0,0.0,4.68,0,0,0,0,0,0,NONE,0,0.0,0,0.0,0,0.0,0,0.0,0,0.0,0,0.0,0,0.0,0,0.0,0,0.0,0,0.0,0,0.0,0,0.0,0,0.0,0,0.0,0,0.0,0,0.0
245,50,8.0,0.0,0.0,0.0,4.4,0,0,2,0,0,0,NONE,0,0.0,0,0.0,0,0.0,0,0.0,0,0.0,0,0.0,0,0.0,0,0.0,2,4.0,0,0.0,0,0.0,0,0.0,0,0.0,0,0.0,0,0.0,0,0.0
246,82,4.88,3.66,0.0,1.22,4.46,0,0,0,0,0,0,NONE,0,0.0,0,0.0,0,0.0,0,0.0,0,0.0,0,0.0,0,0.0,0,0.0,0,0.0,0,0.0,0,0.0,0,0.0,0,0.0,0,0.0,0,0.0,0,0.0
247,40,2.5,0.0,0.0,0.0,5.2,0,0,0,0,1,0,NONE,0,0.0,0,0.0,0,0.0,0,0.0,0,0.0,0,0.0,0,0.0,0,0.0,0,0.0,0,0.0,0,0.0,0,0.0,0,0.0,1,2.5,0,0.0,0,0.0
248,103,13.59,0.0,0.0,1.94,3.84,0,0,1,0,0,0,NONE,0,0.0,0,0.0,0,0.0,0,0.0,0,0.0,0,0.0,0,0.0,1,0.97,0,0.0,0,0.0,0,0.0,0,0.0,0,0.0,0,0.0,0,0.0,0,0.0
249,50,8.0,0.0,0.0,0.0,4.32,0,0,0,0,0,0,NONE,0,0.0,0,0.0,0,0.0,0,0.0,0,0.0,0,0.0,0,0.0,0,0.0,0,0.0,0,0.0,0,0.0,0,0.0,0,0.0,0,0.0,0,0.0,0,0.0
250,30,10.0,0.0,0.0,3.33,4.17,0,0,0,1,0,0,NONE,0,0.0,0,0.0,0,0.0,0,0.0,0,0.0,0,0.0,0,0.0,0,0.0,0,0.0,0,0.0,1,3.33,0,0.0,0,0.0,0,0.0,0,0.0,0,0.0
251,55,5.45,0.0,0.0,0.0,4.69,0,0,0,0,0,0,NONE,0,0.0,0,0.0,0,0.0,0,0.0,0,0.0,0,0.0,0,0.0,0,0.0,0,0.0,0,0.0,0,0.0,0,0.0,0,0.0,0,0.0,0,0.0,0,0.0
252,50,6.0,0.0,0.0,0.0,4.3,0,0,0,0,0,0,NONE,0,0.0,0,0.0,0,0.0,0,0.0,0,0.0,0,0.0,0,0.0,0,0.0,0,0.0,0,0.0,0,0.0,0,0.0,0,0.0,0,0.0,0,0.0,0,0.0
253,65,9.23,0.0,0.0,0.0,4.58,0,0,0,0,0,0,NONE,0,0.0,0,0.0,0,0.0,0,0.0,0,0.0,0,0.0,0,0.0,0,0.0,0,0.0,0,0.0,0,0.0,0,0.0,0,0.0,0,0.0,0,0.0,0,0.0
254,47,10.64,0.0,0.0,0.0,4.3,0,0,0,0,0,0,NONE,0,0.0,0,0.0,0,0.0,0,0.0,0,0.0,0,0.0,0,0.0,0,0.0,0,0.0,0,0.0,0,0.0,0,0.0,0,0.0,0,0.0,0,0.0,0,0.0
255,52,9.62,0.0,0.0,0.0,4.15,1,0,0,0,0,0,NONE,0,0.0,0,0.0,1,1.92,0,0.0,0,0.0,0,0.0,0,0.0,0,0.0,0,0.0,0,0.0,0,0.0,0,0.0,0,0.0,0,0.0,0,0.0,0,0.0
256,55,7.27,0.0,0.0,1.82,4.35,1,0,0,1,0,0,NONE,0,0.0,0,0.0,1,1.82,0,0.0,0,0.0,0,0.0,0,0.0,0,0.0,0,0.0,0,0.0,1,1.82,0,0.0,0,0.0,0,0.0,0,0.0,0,0.0
257,23,13.04,0.0,0.0,0.0,4.39,0,0,0,0,0,0,NONE,0,0.0,0,0.0,0,0.0,0,0.0,0,0.0,0,0.0,0,0.0,0,0.0,0,0.0,0,0.0,0,0.0,0,0.0,0,0.0,0,0.0,0,0.0,0,0.0
258,89,10.11,0.0,0.0,0.0,4.55,0,0,0,0,0,0,NONE,0,0.0,0,0.0,0,0.0,0,0.0,0,0.0,0,0.0,0,0.0,0,0.0,0,0.0,0,0.0,0,0.0,0,0.0,0,0.0,0,0.0,0,0.0,0,0.0
259,51,5.88,0.0,0.0,0.0,4.55,0,0,0,0,0,0,NONE,0,0.0,0,0.0,0,0.0,0,0.0,0,0.0,0,0.0,0,0.0,0,0.0,0,0.0,0,0.0,0,0.0,0,0.0,0,0.0,0,0.0,0,0.0,0,0.0
260,65,12.31,0.0,0.0,0.0,4.97,1,1,0,0,0,0,NONE,0,0.0,0,0.0,1,1.54,0,0.0,1,1.54,0,0.0,0,0.0,0,0.0,0,0.0,0,0.0,0,0.0,0,0.0,0,0.0,0,0.0,0,0.0,0,0.0
261,53,7.55,0.0,0.0,0.0,4.38,0,0,0,0,0,0,NONE,0,0.0,0,0.0,0,0.0,0,0.0,0,0.0,0,0.0,0,0.0,0,0.0,0,0.0,0,0.0,0,0.0,0,0.0,0,0.0,0,0.0,0,0.0,0,0.0
262,55,7.27,0.0,0.0,0.0,4.25,0,0,0,0,0,0,NONE,0,0.0,0,0.0,0,0.0,0,0.0,0,0.0,0,0.0,0,0.0,0,0.0,0,0.0,0,0.0,0,0.0,0,0.0,0,0.0,0,0.0,0,0.0,0,0.0
263,51,9.8,0.0,0.0,0.0,4.45,0,0,0,0,0,0,NONE,0,0.0,0,0.0,0,0.0,0,0.0,0,0.0,0,0.0,0,0.0,0,0.0,0,0.0,0,0.0,0,0.0,0,0.0,0,0.0,0,0.0,0,0.0,0,0.0
264,62,9.68,0.0,0.0,3.23,4.23,0,0,1,0,0,0,NONE,0,0.0,0,0.0,0,0.0,0,0.0,0,0.0,0,0.0,0,0.0,0,0.0,0,0.0,1,1.61,0,0.0,0,0.0,0,0.0,0,0.0,0,0.0,0,0.0
265,91,13.19,0.0,0.0,0.0,4.21,1,0,0,1,0,0,NONE,0,0.0,0,0.0,1,1.1,0,0.0,0,0.0,0,0.0,0,0.0,0,0.0,0,0.0,0,0.0,1,1.1,0,0.0,0,0.0,0,0.0,0,0.0,0,0.0
266,80,10.0,0.0,0.0,1.25,3.85,0,1,0,2,0,0,NONE,0,0.0,0,0.0,0,0.0,0,0.0,1,1.25,0,0.0,0,0.0,0,0.0,0,0.0,0,0.0,2,2.5,0,0.0,0,0.0,0,0.0,0,0.0,0,0.0
267,53,11.32,0.0,0.0,0.0,4.53,0,0,0,0,0,0,NONE,0,0.0,0,0.0,0,0.0,0,0.0,0,0.0,0,0.0,0,0.0,0,0.0,0,0.0,0,0.0,0,0.0,0,0.0,0,0.0,0,0.0,0,0.0,0,0.0
268,67,10.45,0.0,1.49,1.49,3.87,0,0,0,0,0,0,NONE,0,0.0,0,0.0,0,0.0,0,0.0,0,0.0,0,0.0,0,0.0,0,0.0,0,0.0,0,0.0,0,0.0,0,0.0,0,0.0,0,0.0,0,0.0,0,0.0
269,50,12.0,0.0,0.0,4.0,4.32,0,0,0,0,0,0,NONE,0,0.0,0,0.0,0,0.0,0,0.0,0,0.0,0,0.0,0,0.0,0,0.0,0,0.0,0,0.0,0,0.0,0,0.0,0,0.0,0,0.0,0,0.0,0,0.0
270,23,4.35,0.0,0.0,0.0,4.35,0,0,1,0,0,0,NONE,0,0.0,0,0.0,0,0.0,0,0.0,0,0.0,0,0.0,0,0.0,1,4.35,0,0.0,0,0.0,0,0.0,0,0.0,0,0.0,0,0.0,0,0.0,0,0.0
271,66,10.61,0.0,0.0,3.03,4.2,0,0,1,1,0,0,NONE,0,0.0,0,0.0,0,0.0,0,0.0,0,0.0,0,0.0,0,0.0,1,1.52,0,0.0,0,0.0,0,0.0,1,1.52,0,0.0,0,0.0,0,0.0,0,0.0
272,65,7.69,0.0,0.0,3.08,3.88,1,0,1,1,0,0,NONE,0,0.0,0,0.0,1,1.54,0,0.0,0,0.0,0,0.0,0,0.0,1,1.54,0,0.0,0,0.0,1,1.54,0,0.0,0,0.0,0,0.0,0,0.0,0,0.0
273,75,12.0,0.0,0.0,0.0,4.32,0,0,0,0,0,0,NONE,0,0.0,0,0.0,0,0.0,0,0.0,0,0.0,0,0.0,0,0.0,0,0.0,0,0.0,0,0.0,0,0.0,0,0.0,0,0.0,0,0.0,0,0.0,0,0.0
274,50,20.0,0.0,0.0,0.0,4.46,0,0,0,0,0,0,NONE,0,0.0,0,0.0,0,0.0,0,0.0,0,0.0,0,0.0,0,0.0,0,0.0,0,0.0,0,0.0,0,0.0,0,0.0,0,0.0,0,0.0,0,0.0,0,0.0
275,65,13.85,0.0,0.0,1.54,4.18,0,0,0,0,0,0,NONE,0,0.0,0,0.0,0,0.0,0,0.0,0,0.0,0,0.0,0,0.0,0,0.0,0,0.0,0,0.0,0,0.0,0,0.0,0,0.0,0,0.0,0,0.0,0,0.0
276,66,6.06,0.0,0.0,0.0,4.08,1,0,1,1,0,0,NONE,1,1.52,0,0.0,0,0.0,0,0.0,0,0.0,0,0.0,0,0.0,1,1.52,0,0.0,0,0.0,1,1.52,0,0.0,0,0.0,0,0.0,0,0.0,0,0.0
277,33,15.15,0.0,0.0,0.0,4.21,0,0,0,1,0,0,NONE,0,0.0,0,0.0,0,0.0,0,0.0,0,0.0,0,0.0,0,0.0,0,0.0,0,0.0,0,0.0,1,3.03,0,0.0,0,0.0,0,0.0,0,0.0,0,0.0
278,40,12.5,0.0,0.0,0.0,3.82,0,0,0,0,0,0,NONE,0,0.0,0,0.0,0,0.0,0,0.0,0,0.0,0,0.0,0,0.0,0,0.0,0,0.0,0,0.0,0,0.0,0,0.0,0,0.0,0,0.0,0,0.0,0,0.0
279,34,8.82,0.0,0.0,0.0,4.03,0,0,1,1,0,0,NONE,0,0.0,0,0.0,0,0.0,0,0.0,0,0.0,0,0.0,0,0.0,0,0.0,1,2.94,0,0.0,0,0.0,0,0.0,1,2.94,0,0.0,0,0.0,0,0.0
280,35,14.29,0.0,0.0,0.0,3.57,0,1,0,2,0,0,NONE,0,0.0,0,0.0,0,0.0,0,0.0,1,2.86,0,0.0,0,0.0,0,0.0,0,0.0,0,0.0,2,5.71,0,0.0,0,0.0,0,0.0,0,0.0,0,0.0
281,33,15.15,0.0,0.0,0.0,3.73,0,0,0,0,0,0,NONE,0,0.0,0,0.0,0,0.0,0,0.0,0,0.0,0,0.0,0,0.0,0,0.0,0,0.0,0,0.0,0,0.0,0,0.0,0,0.0,0,0.0,0,0.0,0,0.0
282,25,16.0,0.0,0.0,0.0,3.56,0,0,0,1,0,0,NONE,0,0.0,0,0.0,0,0.0,0,0.0,0,0.0,0,0.0,0,0.0,0,0.0,0,0.0,0,0.0,1,4.0,0,0.0,0,0.0,0,0.0,0,0.0,0,0.0
283,14,14.29,0.0,0.0,0.0,4.21,0,0,0,2,0,0,NONE,0,0.0,0,0.0,0,0.0,0,0.0,0,0.0,0,0.0,0,0.0,0,0.0,0,0.0,0,0.0,2,14.29,0,0.0,0,0.0,0,0.0,0,0.0,0,0.0
284,21,9.52,0.0,0.0,0.0,5.0,0,0,0,0,0,0,NONE,0,0.0,0,0.0,0,0.0,0,0.0,0,0.0,0,0.0,0,0.0,0,0.0,0,0.0,0,0.0,0,0.0,0,0.0,0,0.0,0,0.0,0,0.0,0,0.0
285,14,21.43,0.0,0.0,0.0,3.43,0,0,1,1,0,0,NONE,0,0.0,0,0.0,0,0.0,0,0.0,0,0.0,0,0.0,0,0.0,0,0.0,1,7.14,0,0.0,0,0.0,0,0.0,1,7.14,0,0.0,0,0.0,0,0.0
286,12,16.67,0.0,0.0,0.0,4.17,0,0,0,0,0,0,NONE,0,0.0,0,0.0,0,0.0,0,0.0,0,0.0,0,0.0,0,0.0,0,0.0,0,0.0,0,0.0,0,0.0,0,0.0,0,0.0,0,0.0,0,0.0,0,0.0
287,12,8.33,0.0,0.0,0.0,5.08,0,0,0,0,0,0,NONE,0,0.0,0,0.0,0,0.0,0,0.0,0,0.0,0,0.0,0,0.0,0,0.0,0,0.0,0,0.0,0,0.0,0,0.0,0,0.0,0,0.0,0,0.0,0,0.0
288,10,10.0,0.0,0.0,0.0,4.5,0,0,0,0,0,0,NONE,0,0.0,0,0.0,0,0.0,0,0.0,0,0.0,0,0.0,0,0.0,0,0.0,0,0.0,0,0.0,0,0.0,0,0.0,0,0.0,0,0.0,0,0.0,0,0.0
289,23,21.74,0.0,0.0,0.0,4.39,0,0,0,0,0,0,NONE,0,0.0,0,0.0,0,0.0,0,0.0,0,0.0,0,0.0,0,0.0,0,0.0,0,0.0,0,0.0,0,0.0,0,0.0,0,0.0,0,0.0,0,0.0,0,0.0
290,19,15.79,0.0,0.0,0.0,4.05,0,0,0,0,0,0,NONE,0,0.0,0,0.0,0,0.0,0,0.0,0,0.0,0,0.0,0,0.0,0,0.0,0,0.0,0,0.0,0,0.0,0,0.0,0,0.0,0,0.0,0,0.0,0,0.0
291,10,0.0,0.0,0.0,0.0,5.4,0,0,0,0,0,0,NONE,0,0.0,0,0.0,0,0.0,0,0.0,0,0.0,0,0.0,0,0.0,0,0.0,0,0.0,0,0.0,0,0.0,0,0.0,0,0.0,0,0.0,0,0.0,0,0.0
292,25,12.0,0.0,0.0,4.0,4.2,0,0,0,0,0,0,NONE,0,0.0,0,0.0,0,0.0,0,0.0,0,0.0,0,0.0,0,0.0,0,0.0,0,0.0,0,0.0,0,0.0,0,0.0,0,0.0,0,0.0,0,0.0,0,0.0
293,37,18.92,0.0,2.7,0.0,4.27,0,1,0,1,0,0,NONE,0,0.0,0,0.0,0,0.0,0,0.0,1,2.7,0,0.0,0,0.0,0,0.0,0,0.0,0,0.0,1,2.7,0,0.0,0,0.0,0,0.0,0,0.0,0,0.0
294,13,15.38,0.0,0.0,0.0,4.46,0,0,0,2,0,0,NONE,0,0.0,0,0.0,0,0.0,0,0.0,0,0.0,0,0.0,0,0.0,0,0.0,0,0.0,0,0.0,2,15.38,0,0.0,0,0.0,0,0.0,0,0.0,0,0.0
295,29,6.9,0.0,0.0,0.0,4.34,0,0,0,0,1,0,NONE,0,0.0,0,0.0,0,0.0,0,0.0,0,0.0,0,0.0,0,0.0,0,0.0,0,0.0,0,0.0,0,0.0,0,0.0,0,0.0,1,3.45,0,0.0,0,0.0
296,10,0.0,0.0,0.0,10.0,4.8,0,0,0,0,0,0,NONE,0,0.0,0,0.0,0,0.0,0,0.0,0,0.0,0,0.0,0,0.0,0,0.0,0,0.0,0,0.0,0,0.0,0,0.0,0,0.0,0,0.0,0,0.0,0,0.0
297,13,15.38,0.0,7.69,0.0,5.0,1,0,1,0,0,0,NONE,0,0.0,0,0.0,1,7.69,0,0.0,0,0.0,0,0.0,0,0.0,0,0.0,1,7.69,0,0.0,0,0.0,0,0.0,0,0.0,0,0.0,0,0.0,0,0.0
298,22,4.55,0.0,0.0,0.0,4.32,0,0,0,0,0,0,NONE,0,0.0,0,0.0,0,0.0,0,0.0,0,0.0,0,0.0,0,0.0,0,0.0,0,0.0,0,0.0,0,0.0,0,0.0,0,0.0,0,0.0,0,0.0,0,0.0
299,12,8.33,0.0,0.0,0.0,4.58,0,0,0,0,0,0,NONE,0,0.0,0,0.0,0,0.0,0,0.0,0,0.0,0,0.0,0,0.0,0,0.0,0,0.0,0,0.0,0,0.0,0,0.0,0,0.0,0,0.0,0,0.0,0,0.0
300,24,8.33,0.0,0.0,0.0,3.71,0,0,0,0,0,0,NONE,0,0.0,0,0.0,0,0.0,0,0.0,0,0.0,0,0.0,0,0.0,0,0.0,0,0.0,0,0.0,0,0.0,0,0.0,0,0.0,0,0.0,0,0.0,0,0.0
301,31,12.9,0.0,9.68,0.0,4.39,0,0,0,0,0,0,NONE,0,0.0,0,0.0,0,0.0,0,0.0,0,0.0,0,0.0,0,0.0,0,0.0,0,0.0,0,0.0,0,0.0,0,0.0,0,0.0,0,0.0,0,0.0,0,0.0
302,20,10.0,0.0,5.0,0.0,4.45,0,0,0,0,0,0,NONE,0,0.0,0,0.0,0,0.0,0,0.0,0,0.0,0,0.0,0,0.0,0,0.0,0,0.0,0,0.0,0,0.0,0,0.0,0,0.0,0,0.0,0,0.0,0,0.0
303,15,13.33,0.0,0.0,0.0,3.67,0,0,0,1,0,0,NONE,0,0.0,0,0.0,0,0.0,0,0.0,0,0.0,0,0.0,0,0.0,0,0.0,0,0.0,0,0.0,1,6.67,0,0.0,0,0.0,0,0.0,0,0.0,0,0.0
304,14,7.14,0.0,0.0,0.0,4.43,0,0,0,0,0,0,NONE,0,0.0,0,0.0,0,0.0,0,0.0,0,0.0,0,0.0,0,0.0,0,0.0,0,0.0,0,0.0,0,0.0,0,0.0,0,0.0,0,0.0,0,0.0,0,0.0
305,16,6.25,0.0,0.0,0.0,4.56,0,0,0,0,0,0,NONE,0,0.0,0,0.0,0,0.0,0,0.0,0,0.0,0,0.0,0,0.0,0,0.0,0,0.0,0,0.0,0,0.0,0,0.0,0,0.0,0,0.0,0,0.0,0,0.0
306,11,18.18,0.0,0.0,0.0,4.64,0,0,0,0,0,0,NONE,0,0.0,0,0.0,0,0.0,0,0.0,0,0.0,0,0.0,0,0.0,0,0.0,0,0.0,0,0.0,0,0.0,0,0.0,0,0.0,0,0.0,0,0.0,0,0.0
307,29,13.79,0.0,0.0,0.0,3.55,1,0,0,0,0,0,NONE,1,3.45,0,0.0,0,0.0,0,0.0,0,0.0,0,0.0,0,0.0,0,0.0,0,0.0,0,0.0,0,0.0,0,0.0,0,0.0,0,0.0,0,0.0,0,0.0
308,42,19.05,0.0,0.0,0.0,4.12,0,0,0,0,0,0,NONE,0,0.0,0,0.0,0,0.0,0,0.0,0,0.0,0,0.0,0,0.0,0,0.0,0,0.0,0,0.0,0,0.0,0,0.0,0,0.0,0,0.0,0,0.0,0,0.0
309,29,13.79,0.0,0.0,0.0,4.21,0,0,0,0,0,0,NONE,0,0.0,0,0.0,0,0.0,0,0.0,0,0.0,0,0.0,0,0.0,0,0.0,0,0.0,0,0.0,0,0.0,0,0.0,0,0.0,0,0.0,0,0.0,0,0.0
310,18,11.11,0.0,5.56,0.0,4.83,0,0,1,0,0,0,NONE,0,0.0,0,0.0,0,0.0,0,0.0,0,0.0,0,0.0,0,0.0,0,0.0,1,5.56,0,0.0,0,0.0,0,0.0,0,0.0,0,0.0,0,0.0,0,0.0
311,22,13.64,0.0,0.0,0.0,3.45,0,0,0,0,0,0,NONE,0,0.0,0,0.0,0,0.0,0,0.0,0,0.0,0,0.0,0,0.0,0,0.0,0,0.0,0,0.0,0,0.0,0,0.0,0,0.0,0,0.0,0,0.0,0,0.0
312,13,7.69,0.0,0.0,0.0,4.08,0,0,0,0,0,0,NONE,0,0.0,0,0.0,0,0.0,0,0.0,0,0.0,0,0.0,0,0.0,0,0.0,0,0.0,0,0.0,0,0.0,0,0.0,0,0.0,0,0.0,0,0.0,0,0.0
313,24,20.83,0.0,0.0,0.0,4.46,0,0,0,0,1,1,HIGH,0,0.0,0,0.0,0,0.0,0,0.0,0,0.0,0,0.0,0,0.0,0,0.0,0,0.0,0,0.0,0,0.0,0,0.0,0,0.0,0,0.0,1,4.17,0,0.0
314,29,13.79,0.0,0.0,0.0,3.38,0,0,0,1,0,0,NONE,0,0.0,0,0.0,0,0.0,0,0.0,0,0.0,0,0.0,0,0.0,0,0.0,0,0.0,0,0.0,1,3.45,0,0.0,0,0.0,0,0.0,0,0.0,0,0.0
315,30,13.33,0.0,0.0,0.0,3.83,0,1,0,1,0,0,NONE,0,0.0,0,0.0,0,0.0,0,0.0,1,3.33,0,0.0,0,0.0,0,0.0,0,0.0,0,0.0,1,3.33,0,0.0,0,0.0,0,0.0,0,0.0,0,0.0
316,29,17.24,0.0,0.0,0.0,3.72,0,0,1,1,0,0,NONE,0,0.0,0,0.0,0,0.0,0,0.0,0,0.0,0,0.0,0,0.0,1,3.45,0,0.0,0,0.0,1,3.45,0,0.0,0,0.0,0,0.0,0,0.0,0,0.0
317,20,15.0,0.0,0.0,0.0,4.3,1,0,0,0,0,0,NONE,0,0.0,0,0.0,1,5.0,0,0.0,0,0.0,0,0.0,0,0.0,0,0.0,0,0.0,0,0.0,0,0.0,0,0.0,0,0.0,0,0.0,0,0.0,0,0.0
318,47,2.13,2.13,8.51,0.0,4.57,0,0,0,1,0,0,NONE,0,0.0,0,0.0,0,0.0,0,0.0,0,0.0,0,0.0,0,0.0,0,0.0,0,0.0,0,0.0,0,0.0,1,2.13,0,0.0,0,0.0,0,0.0,0,0.0
319,26,11.54,0.0,0.0,0.0,3.92,0,0,0,0,0,0,NONE,0,0.0,0,0.0,0,0.0,0,0.0,0,0.0,0,0.0,0,0.0,0,0.0,0,0.0,0,0.0,0,0.0,0,0.0,0,0.0,0,0.0,0,0.0,0,0.0
320,42,11.9,0.0,2.38,0.0,4.07,1,0,0,0,0,0,NONE,0,0.0,0,0.0,1,2.38,0,0.0,0,0.0,0,0.0,0,0.0,0,0.0,0,0.0,0,0.0,0,0.0,0,0.0,0,0.0,0,0.0,0,0.0,0,0.0
321,35,5.71,0.0,0.0,0.0,4.09,1,0,0,0,0,0,NONE,0,0.0,0,0.0,1,2.86,0,0.0,0,0.0,0,0.0,0,0.0,0,0.0,0,0.0,0,0.0,0,0.0,0,0.0,0,0.0,0,0.0,0,0.0,0,0.0
322,31,9.68,0.0,0.0,0.0,3.77,0,0,0,2,0,0,NONE,0,0.0,0,0.0,0,0.0,0,0.0,0,0.0,0,0.0,0,0.0,0,0.0,0,0.0,0,0.0,2,6.45,0,0.0,0,0.0,0,0.0,0,0.0,0,0.0
323,19,10.53,0.0,0.0,0.0,3.37,0,0,0,0,0,0,NONE,0,0.0,0,0.0,0,0.0,0,0.0,0,0.0,0,0.0,0,0.0,0,0.0,0,0.0,0,0.0,0,0.0,0,0.0,0,0.0,0,0.0,0,0.0,0,0.0
324,28,17.86,0.0,0.0,0.0,3.46,0,0,2,0,0,0,NONE,0,0.0,0,0.0,0,0.0,0,0.0,0,0.0,0,0.0,0,0.0,1,3.57,0,0.0,1,3.57,0,0.0,0,0.0,0,0.0,0,0.0,0,0.0,0,0.0
325,19,15.79,0.0,0.0,5.26,3.63,0,0,0,0,0,0,NONE,0,0.0,0,0.0,0,0.0,0,0.0,0,0.0,0,0.0,0,0.0,0,0.0,0,0.0,0,0.0,0,0.0,0,0.0,0,0.0,0,0.0,0,0.0,0,0.0
326,19,10.53,0.0,0.0,0.0,3.89,0,1,0,1,0,0,NONE,0,0.0,0,0.0,0,0.0,0,0.0,1,5.26,0,0.0,0,0.0,0,0.0,0,0.0,0,0.0,1,5.26,0,0.0,0,0.0,0,0.0,0,0.0,0,0.0
327,26,19.23,0.0,3.85,0.0,3.96,0,0,0,0,0,0,NONE,0,0.0,0,0.0,0,0.0,0,0.0,0,0.0,0,0.0,0,0.0,0,0.0,0,0.0,0,0.0,0,0.0,0,0.0,0,0.0,0,0.0,0,0.0,0,0.0
328,32,6.25,0.0,0.0,0.0,3.75,0,0,0,1,0,0,NONE,0,0.0,0,0.0,0,0.0,0,0.0,0,0.0,0,0.0,0,0.0,0,0.0,0,0.0,0,0.0,1,3.12,0,0.0,0,0.0,0,0.0,0,0.0,0,0.0
329,42,7.14,0.0,4.76,0.0,3.79,0,0,1,0,1,0,NONE,0,0.0,0,0.0,0,0.0,0,0.0,0,0.0,0,0.0,0,0.0,0,0.0,1,2.38,0,0.0,0,0.0,0,0.0,0,0.0,1,2.38,0,0.0,0,0.0
330,25,12.0,0.0,0.0,0.0,3.88,0,0,0,1,0,0,NONE,0,0.0,0,0.0,0,0.0,0,0.0,0,0.0,0,0.0,0,0.0,0,0.0,0,0.0,0,0.0,1,4.0,0,0.0,0,0.0,0,0.0,0,0.0,0,0.0
331,24,16.67,0.0,0.0,0.0,4.08,0,0,0,0,0,0,NONE,0,0.0,0,0.0,0,0.0,0,0.0,0,0.0,0,0.0,0,0.0,0,0.0,0,0.0,0,0.0,0,0.0,0,0.0,0,0.0,0,0.0,0,0.0,0,0.0
332,32,18.75,0.0,0.0,0.0,3.97,0,0,0,0,0,0,NONE,0,0.0,0,0.0,0,0.0,0,0.0,0,0.0,0,0.0,0,0.0,0,0.0,0,0.0,0,0.0,0,0.0,0,0.0,0,0.0,0,0.0,0,0.0,0,0.0
333,31,16.13,0.0,0.0,0.0,4.39,0,0,0,0,0,0,NONE,0,0.0,0,0.0,0,0.0,0,0.0,0,0.0,0,0.0,0,0.0,0,0.0,0,0.0,0,0.0,0,0.0,0,0.0,0,0.0,0,0.0,0,0.0,0,0.0
334,38,13.16,0.0,0.0,0.0,4.37,0,0,0,0,0,0,NONE,0,0.0,0,0.0,0,0.0,0,0.0,0,0.0,0,0.0,0,0.0,0,0.0,0,0.0,0,0.0,0,0.0,0,0.0,0,0.0,0,0.0,0,0.0,0,0.0
335,35,11.43,0.0,0.0,0.0,3.89,1,0,0,0,0,0,NONE,0,0.0,0,0.0,1,2.86,0,0.0,0,0.0,0,0.0,0,0.0,0,0.0,0,0.0,0,0.0,0,0.0,0,0.0,0,0.0,0,0.0,0,0.0,0,0.0
336,38,10.53,0.0,0.0,0.0,3.97,0,0,0,2,0,0,NONE,0,0.0,0,0.0,0,0.0,0,0.0,0,0.0,0,0.0,0,0.0,0,0.0,0,0.0,0,0.0,2,5.26,0,0.0,0,0.0,0,0.0,0,0.0,0,0.0
337,24,8.33,0.0,0.0,0.0,4.42,0,0,0,0,0,0,NONE,0,0.0,0,0.0,0,0.0,0,0.0,0,0.0,0,0.0,0,0.0,0,0.0,0,0.0,0,0.0,0,0.0,0,0.0,0,0.0,0,0.0,0,0.0,0,0.0
338,23,8.7,0.0,0.0,0.0,4.22,1,0,0,0,0,0,NONE,1,4.35,0,0.0,0,0.0,0,0.0,0,0.0,0,0.0,0,0.0,0,0.0,0,0.0,0,0.0,0,0.0,0,0.0,0,0.0,0,0.0,0,0.0,0,0.0
339,20,10.0,0.0,0.0,0.0,3.75,0,0,0,0,0,0,NONE,0,0.0,0,0.0,0,0.0,0,0.0,0,0.0,0,0.0,0,0.0,0,0.0,0,0.0,0,0.0,0,0.0,0,0.0,0,0.0,0,0.0,0,0.0,0,0.0
340,38,18.42,0.0,13.16,0.0,4.26,0,0,0,0,0,0,NONE,0,0.0,0,0.0,0,0.0,0,0.0,0,0.0,0,0.0,0,0.0,0,0.0,0,0.0,0,0.0,0,0.0,0,0.0,0,0.0,0,0.0,0,0.0,0,0.0
341,24,4.17,0.0,0.0,0.0,3.83,0,0,0,0,0,0,NONE,0,0.0,0,0.0,0,0.0,0,0.0,0,0.0,0,0.0,0,0.0,0,0.0,0,0.0,0,0.0,0,0.0,0,0.0,0,0.0,0,0.0,0,0.0,0,0.0
342,18,5.56,0.0,0.0,0.0,4.17,0,0,0,0,0,0,NONE,0,0.0,0,0.0,0,0.0,0,0.0,0,0.0,0,0.0,0,0.0,0,0.0,0,0.0,0,0.0,0,0.0,0,0.0,0,0.0,0,0.0,0,0.0,0,0.0
343,41,14.63,0.0,0.0,0.0,3.98,0,0,0,0,0,0,NONE,0,0.0,0,0.0,0,0.0,0,0.0,0,0.0,0,0.0,0,0.0,0,0.0,0,0.0,0,0.0,0,0.0,0,0.0,0,0.0,0,0.0,0,0.0,0,0.0
344,36,13.89,0.0,2.78,0.0,4.61,0,0,0,1,0,0,NONE,0,0.0,0,0.0,0,0.0,0,0.0,0,0.0,0,0.0,0,0.0,0,0.0,0,0.0,0,0.0,0,0.0,1,2.78,0,0.0,0,0.0,0,0.0,0,0.0
345,34,11.76,0.0,0.0,0.0,3.94,0,0,0,0,0,0,NONE,0,0.0,0,0.0,0,0.0,0,0.0,0,0.0,0,0.0,0,0.0,0,0.0,0,0.0,0,0.0,0,0.0,0,0.0,0,0.0,0,0.0,0,0.0,0,0.0
346,35,14.29,0.0,0.0,0.0,3.97,0,0,0,0,0,0,NONE,0,0.0,0,0.0,0,0.0,0,0.0,0,0.0,0,0.0,0,0.0,0,0.0,0,0.0,0,0.0,0,0.0,0,0.0,0,0.0,0,0.0,0,0.0,0,0.0
347,22,9.09,0.0,0.0,0.0,4.36,0,0,0,0,0,0,NONE,0,0.0,0,0.0,0,0.0,0,0.0,0,0.0,0,0.0,0,0.0,0,0.0,0,0.0,0,0.0,0,0.0,0,0.0,0,0.0,0,0.0,0,0.0,0,0.0
348,14,21.43,0.0,0.0,0.0,4.5,0,0,0,0,0,0,NONE,0,0.0,0,0.0,0,0.0,0,0.0,0,0.0,0,0.0,0,0.0,0,0.0,0,0.0,0,0.0,0,0.0,0,0.0,0,0.0,0,0.0,0,0.0,0,0.0
349,31,3.23,0.0,0.0,0.0,4.1,0,0,0,0,0,0,NONE,0,0.0,0,0.0,0,0.0,0,0.0,0,0.0,0,0.0,0,0.0,0,0.0,0,0.0,0,0.0,0,0.0,0,0.0,0,0.0,0,0.0,0,0.0,0,0.0
350,33,9.09,0.0,3.03,3.03,4.73,0,0,0,0,0,0,NONE,0,0.0,0,0.0,0,0.0,0,0.0,0,0.0,0,0.0,0,0.0,0,0.0,0,0.0,0,0.0,0,0.0,0,0.0,0,0.0,0,0.0,0,0.0,0,0.0
351,32,9.38,0.0,0.0,0.0,3.84,0,0,0,0,0,0,NONE,0,0.0,0,0.0,0,0.0,0,0.0,0,0.0,0,0.0,0,0.0,0,0.0,0,0.0,0,0.0,0,0.0,0,0.0,0,0.0,0,0.0,0,0.0,0,0.0
352,38,15.79,0.0,0.0,0.0,4.26,0,0,1,0,0,0,NONE,0,0.0,0,0.0,0,0.0,0,0.0,0,0.0,0,0.0,0,0.0,1,2.63,0,0.0,0,0.0,0,0.0,0,0.0,0,0.0,0,0.0,0,0.0,0,0.0
353,23,8.7,0.0,0.0,0.0,4.26,0,0,0,0,0,0,NONE,0,0.0,0,0.0,0,0.0,0,0.0,0,0.0,0,0.0,0,0.0,0,0.0,0,0.0,0,0.0,0,0.0,0,0.0,0,0.0,0,0.0,0,0.0,0,0.0
354,23,8.7,0.0,0.0,0.0,4.35,0,0,0,0,0,0,NONE,0,0.0,0,0.0,0,0.0,0,0.0,0,0.0,0,0.0,0,0.0,0,0.0,0,0.0,0,0.0,0,0.0,0,0.0,0,0.0,0,0.0,0,0.0,0,0.0
355,45,8.89,0.0,0.0,2.22,4.44,0,0,0,0,0,0,NONE,0,0.0,0,0.0,0,0.0,0,0.0,0,0.0,0,0.0,0,0.0,0,0.0,0,0.0,0,0.0,0,0.0,0,0.0,0,0.0,0,0.0,0,0.0,0,0.0
356,22,9.09,0.0,0.0,4.55,3.64,0,0,0,0,0,0,NONE,0,0.0,0,0.0,0,0.0,0,0.0,0,0.0,0,0.0,0,0.0,0,0.0,0,0.0,0,0.0,0,0.0,0,0.0,0,0.0,0,0.0,0,0.0,0,0.0
357,39,5.13,0.0,0.0,0.0,4.28,0,0,0,0,0,0,NONE,0,0.0,0,0.0,0,0.0,0,0.0,0,0.0,0,0.0,0,0.0,0,0.0,0,0.0,0,0.0,0,0.0,0,0.0,0,0.0,0,0.0,0,0.0,0,0.0
358,36,16.67,0.0,0.0,0.0,3.44,0,0,0,0,0,0,NONE,0,0.0,0,0.0,0,0.0,0,0.0,0,0.0,0,0.0,0,0.0,0,0.0,0,0.0,0,0.0,0,0.0,0,0.0,0,0.0,0,0.0,0,0.0,0,0.0
359,41,9.76,0.0,0.0,0.0,5.07,0,1,0,0,0,0,NONE,0,0.0,0,0.0,0,0.0,0,0.0,1,2.44,0,0.0,0,0.0,0,0.0,0,0.0,0,0.0,0,0.0,0,0.0,0,0.0,0,0.0,0,0.0,0,0.0
360,37,5.41,0.0,2.7,0.0,3.86,0,0,0,0,0,0,NONE,0,0.0,0,0.0,0,0.0,0,0.0,0,0.0,0,0.0,0,0.0,0,0.0,0,0.0,0,0.0,0,0.0,0,0.0,0,0.0,0,0.0,0,0.0,0,0.0
361,31,12.9,0.0,0.0,0.0,4.45,0,0,0,0,0,0,NONE,0,0.0,0,0.0,0,0.0,0,0.0,0,0.0,0,0.0,0,0.0,0,0.0,0,0.0,0,0.0,0,0.0,0,0.0,0,0.0,0,0.0,0,0.0,0,0.0
362,24,4.17,0.0,0.0,0.0,3.67,0,0,0,0,0,0,NONE,0,0.0,0,0.0,0,0.0,0,0.0,0,0.0,0,0.0,0,0.0,0,0.0,0,0.0,0,0.0,0,0.0,0,0.0,0,0.0,0,0.0,0,0.0,0,0.0
363,14,14.29,0.0,0.0,0.0,4.14,0,0,0,0,0,0,NONE,0,0.0,0,0.0,0,0.0,0,0.0,0,0.0,0,0.0,0,0.0,0,0.0,0,0.0,0,0.0,0,0.0,0,0.0,0,0.0,0,0.0,0,0.0,0,0.0
364,45,8.89,0.0,4.44,2.22,4.51,0,0,0,2,0,0,NONE,0,0.0,0,0.0,0,0.0,0,0.0,0,0.0,0,0.0,0,0.0,0,0.0,0,0.0,0,0.0,2,4.44,0,0.0,0,0.0,0,0.0,0,0.0,0,0.0
365,49,6.12,0.0,0.0,0.0,3.96,0,0,0,0,0,0,NONE,0,0.0,0,0.0,0,0.0,0,0.0,0,0.0,0,0.0,0,0.0,0,0.0,0,0.0,0,0.0,0,0.0,0,0.0,0,0.0,0,0.0,0,0.0,0,0.0
366,45,6.67,0.0,0.0,2.22,3.73,0,0,0,0,0,0,NONE,0,0.0,0,0.0,0,0.0,0,0.0,0,0.0,0,0.0,0,0.0,0,0.0,0,0.0,0,0.0,0,0.0,0,0.0,0,0.0,0,0.0,0,0.0,0,0.0
367,49,6.12,0.0,0.0,0.0,3.96,0,0,0,0,1,0,NONE,0,0.0,0,0.0,0,0.0,0,0.0,0,0.0,0,0.0,0,0.0,0,0.0,0,0.0,0,0.0,0,0.0,0,0.0,0,0.0,1,2.04,0,0.0,0,0.0
368,22,13.64,0.0,0.0,0.0,4.41,1,0,0,0,0,0,NONE,1,4.55,0,0.0,0,0.0,0,0.0,0,0.0,0,0.0,0,0.0,0,0.0,0,0.0,0,0.0,0,0.0,0,0.0,0,0.0,0,0.0,0,0.0,0,0.0
369,65,6.15,0.0,0.0,0.0,4.08,0,0,0,1,0,0,NONE,0,0.0,0,0.0,0,0.0,0,0.0,0,0.0,0,0.0,0,0.0,0,0.0,0,0.0,0,0.0,1,1.54,0,0.0,0,0.0,0,0.0,0,0.0,0,0.0
370,27,14.81,0.0,0.0,0.0,3.81,0,0,0,0,1,0,NONE,0,0.0,0,0.0,0,0.0,0,0.0,0,0.0,0,0.0,0,0.0,0,0.0,0,0.0,0,0.0,0,0.0,0,0.0,0,0.0,1,3.7,0,0.0,0,0.0
371,16,6.25,0.0,0.0,0.0,4.44,0,0,1,0,0,0,NONE,0,0.0,0,0.0,0,0.0,0,0.0,0,0.0,0,0.0,0,0.0,1,6.25,0,0.0,0,0.0,0,0.0,0,0.0,0,0.0,0,0.0,0,0.0,0,0.0
372,38,13.16,0.0,0.0,0.0,3.89,0,1,0,0,0,0,NONE,0,0.0,0,0.0,0,0.0,0,0.0,1,2.63,0,0.0,0,0.0,0,0.0,0,0.0,0,0.0,0,0.0,0,0.0,0,0.0,0,0.0,0,0.0,0,0.0
373,42,7.14,0.0,0.0,0.0,4.21,0,0,0,0,0,0,NONE,0,0.0,0,0.0,0,0.0,0,0.0,0,0.0,0,0.0,0,0.0,0,0.0,0,0.0,0,0.0,0,0.0,0,0.0,0,0.0,0,0.0,0,0.0,0,0.0
374,22,4.55,0.0,0.0,0.0,4.77,0,0,0,0,0,0,NONE,0,0.0,0,0.0,0,0.0,0,0.0,0,0.0,0,0.0,0,0.0,0,0.0,0,0.0,0,0.0,0,0.0,0,0.0,0,0.0,0,0.0,0,0.0,0,0.0
375,61,9.84,0.0,0.0,0.0,4.46,0,0,0,3,0,0,NONE,0,0.0,0,0.0,0,0.0,0,0.0,0,0.0,0,0.0,0,0.0,0,0.0,0,0.0,0,0.0,3,4.92,0,0.0,0,0.0,0,0.0,0,0.0,0,0.0
376,27,14.81,0.0,0.0,0.0,3.7,0,0,0,0,0,0,NONE,0,0.0,0,0.0,0,0.0,0,0.0,0,0.0,0,0.0,0,0.0,0,0.0,0,0.0,0,0.0,0,0.0,0,0.0,0,0.0,0,0.0,0,0.0,0,0.0
377,38,13.16,0.0,0.0,0.0,4.03,0,1,1,0,0,0,NONE,0,0.0,0,0.0,0,0.0,0,0.0,1,2.63,0,0.0,0,0.0,0,0.0,1,2.63,0,0.0,0,0.0,0,0.0,0,0.0,0,0.0,0,0.0,0,0.0
378,56,10.71,0.0,0.0,0.0,4.05,0,0,0,0,0,0,NONE,0,0.0,0,0.0,0,0.0,0,0.0,0,0.0,0,0.0,0,0.0,0,0.0,0,0.0,0,0.0,0,0.0,0,0.0,0,0.0,0,0.0,0,0.0,0,0.0
379,25,8.0,0.0,0.0,0.0,4.44,0,0,0,0,0,0,NONE,0,0.0,0,0.0,0,0.0,0,0.0,0,0.0,0,0.0,0,0.0,0,0.0,0,0.0,0,0.0,0,0.0,0,0.0,0,0.0,0,0.0,0,0.0,0,0.0
380,24,16.67,0.0,0.0,4.17,3.79,0,0,0,0,0,0,NONE,0,0.0,0,0.0,0,0.0,0,0.0,0,0.0,0,0.0,0,0.0,0,0.0,0,0.0,0,0.0,0,0.0,0,0.0,0,0.0,0,0.0,0,0.0,0,0.0
381,30,10.0,0.0,0.0,0.0,3.6,0,0,0,0,0,0,NONE,0,0.0,0,0.0,0,0.0,0,0.0,0,0.0,0,0.0,0,0.0,0,0.0,0,0.0,0,0.0,0,0.0,0,0.0,0,0.0,0,0.0,0,0.0,0,0.0
382,28,7.14,0.0,0.0,7.14,3.21,0,0,0,0,0,0,NONE,0,0.0,0,0.0,0,0.0,0,0.0,0,0.0,0,0.0,0,0.0,0,0.0,0,0.0,0,0.0,0,0.0,0,0.0,0,0.0,0,0.0,0,0.0,0,0.0
383,37,5.41,2.7,0.0,0.0,4.05,0,0,0,0,0,0,NONE,0,0.0,0,0.0,0,0.0,0,0.0,0,0.0,0,0.0,0,0.0,0,0.0,0,0.0,0,0.0,0,0.0,0,0.0,0,0.0,0,0.0,0,0.0,0,0.0
384,32,21.88,0.0,0.0,0.0,3.66,0,0,0,0,0,0,NONE,0,0.0,0,0.0,0,0.0,0,0.0,0,0.0,0,0.0,0,0.0,0,0.0,0,0.0,0,0.0,0,0.0,0,0.0,0,0.0,0,0.0,0,0.0,0,0.0
385,12,8.33,0.0,0.0,0.0,5.0,0,0,0,0,0,0,NONE,0,0.0,0,0.0,0,0.0,0,0.0,0,0.0,0,0.0,0,0.0,0,0.0,0,0.0,0,0.0,0,0.0,0,0.0,0,0.0,0,0.0,0,0.0,0,0.0
386,15,13.33,0.0,0.0,0.0,3.73,0,0,0,1,1,1,HIGH,0,0.0,0,0.0,0,0.0,0,0.0,0,0.0,0,0.0,0,0.0,0,0.0,0,0.0,0,0.0,1,6.67,0,0.0,0,0.0,0,0.0,1,6.67,0,0.0
387,24,20.83,0.0,0.0,0.0,4.54,0,0,1,1,0,0,NONE,0,0.0,0,0.0,0,0.0,0,0.0,0,0.0,0,0.0,0,0.0,0,0.0,1,4.17,0,0.0,1,4.17,0,0.0,0,0.0,0,0.0,0,0.0,0,0.0
388,22,13.64,4.55,0.0,4.55,3.91,0,0,0,0,0,0,NONE,0,0.0,0,0.0,0,0.0,0,0.0,0,0.0,0,0.0,0,0.0,0,0.0,0,0.0,0,0.0,0,0.0,0,0.0,0,0.0,0,0.0,0,0.0,0,0.0
389,19,15.79,0.0,0.0,0.0,4.37,0,0,0,0,0,0,NONE,0,0.0,0,0.0,0,0.0,0,0.0,0,0.0,0,0.0,0,0.0,0,0.0,0,0.0,0,0.0,0,0.0,0,0.0,0,0.0,0,0.0,0,0.0,0,0.0
390,21,9.52,0.0,0.0,4.76,4.86,0,0,0,1,0,0,NONE,0,0.0,0,0.0,0,0.0,0,0.0,0,0.0,0,0.0,0,0.0,0,0.0,0,0.0,0,0.0,0,0.0,1,4.76,0,0.0,0,0.0,0,0.0,0,0.0
391,10,0.0,0.0,0.0,10.0,5.0,0,0,0,0,0,0,NONE,0,0.0,0,0.0,0,0.0,0,0.0,0,0.0,0,0.0,0,0.0,0,0.0,0,0.0,0,0.0,0,0.0,0,0.0,0,0.0,0,0.0,0,0.0,0,0.0
392,37,10.81,0.0,2.7,2.7,4.46,1,0,0,0,0,0,NONE,1,2.7,0,0.0,0,0.0,0,0.0,0,0.0,0,0.0,0,0.0,0,0.0,0,0.0,0,0.0,0,0.0,0,0.0,0,0.0,0,0.0,0,0.0,0,0.0
393,24,4.17,0.0,0.0,0.0,4.12,1,0,1,0,0,0,NONE,1,4.17,0,0.0,0,0.0,0,0.0,0,0.0,0,0.0,0,0.0,1,4.17,0,0.0,0,0.0,0,0.0,0,0.0,0,0.0,0,0.0,0,0.0,0,0.0
394,10,0.0,0.0,0.0,10.0,4.7,0,0,0,0,0,0,NONE,0,0.0,0,0.0,0,0.0,0,0.0,0,0.0,0,0.0,0,0.0,0,0.0,0,0.0,0,0.0,0,0.0,0,0.0,0,0.0,0,0.0,0,0.0,0,0.0
395,42,7.14,0.0,0.0,0.0,4.76,0,0,0,0,0,0,NONE,0,0.0,0,0.0,0,0.0,0,0.0,0,0.0,0,0.0,0,0.0,0,0.0,0,0.0,0,0.0,0,0.0,0,0.0,0,0.0,0,0.0,0,0.0,0,0.0
396,81,6.17,0.0,0.0,1.23,4.68,0,1,0,0,0,0,NONE,0,0.0,0,0.0,0,0.0,0,0.0,1,1.23,0,0.0,0,0.0,0,0.0,0,0.0,0,0.0,0,0.0,0,0.0,0,0.0,0,0.0,0,0.0,0,0.0
397,51,7.84,0.0,0.0,0.0,4.25,0,0,0,0,0,0,NONE,0,0.0,0,0.0,0,0.0,0,0.0,0,0.0,0,0.0,0,0.0,0,0.0,0,0.0,0,0.0,0,0.0,0,0.0,0,0.0,0,0.0,0,0.0,0,0.0
398,15,13.33,0.0,0.0,0.0,3.47,0,0,0,1,0,0,NONE,0,0.0,0,0.0,0,0.0,0,0.0,0,0.0,0,0.0,0,0.0,0,0.0,0,0.0,0,0.0,1,6.67,0,0.0,0,0.0,0,0.0,0,0.0,0,0.0
399,7,14.29,0.0,0.0,0.0,7.14,0,0,0,0,0,0,NONE,0,0.0,0,0.0,0,0.0,0,0.0,0,0.0,0,0.0,0,0.0,0,0.0,0,0.0,0,0.0,0,0.0,0,0.0,0,0.0,0,0.0,0,0.0,0,0.0
400,11,18.18,0.0,0.0,0.0,5.09,0,0,0,0,0,0,NONE,0,0.0,0,0.0,0,0.0,0,0.0,0,0.0,0,0.0,0,0.0,0,0.0,0,0.0,0,0.0,0,0.0,0,0.0,0,0.0,0,0.0,0,0.0,0,0.0
401,12,0.0,0.0,0.0,0.0,4.92,0,0,0,0,0,0,NONE,0,0.0,0,0.0,0,0.0,0,0.0,0,0.0,0,0.0,0,0.0,0,0.0,0,0.0,0,0.0,0,0.0,0,0.0,0,0.0,0,0.0,0,0.0,0,0.0
402,21,9.52,0.0,0.0,4.76,4.14,0,0,0,0,0,0,NONE,0,0.0,0,0.0,0,0.0,0,0.0,0,0.0,0,0.0,0,0.0,0,0.0,0,0.0,0,0.0,0,0.0,0,0.0,0,0.0,0,0.0,0,0.0,0,0.0
403,17,23.53,0.0,0.0,0.0,3.65,0,0,0,0,0,0,NONE,0,0.0,0,0.0,0,0.0,0,0.0,0,0.0,0,0.0,0,0.0,0,0.0,0,0.0,0,0.0,0,0.0,0,0.0,0,0.0,0,0.0,0,0.0,0,0.0
404,39,10.26,0.0,0.0,0.0,4.23,0,0,0,0,0,0,NONE,0,0.0,0,0.0,0,0.0,0,0.0,0,0.0,0,0.0,0,0.0,0,0.0,0,0.0,0,0.0,0,0.0,0,0.0,0,0.0,0,0.0,0,0.0,0,0.0
405,31,3.23,0.0,0.0,0.0,4.35,0,0,0,0,0,0,NONE,0,0.0,0,0.0,0,0.0,0,0.0,0,0.0,0,0.0,0,0.0,0,0.0,0,0.0,0,0.0,0,0.0,0,0.0,0,0.0,0,0.0,0,0.0,0,0.0
406,30,10.0,0.0,0.0,0.0,4.33,0,0,0,0,1,0,NONE,0,0.0,0,0.0,0,0.0,0,0.0,0,0.0,0,0.0,0,0.0,0,0.0,0,0.0,0,0.0,0,0.0,0,0.0,0,0.0,1,3.33,0,0.0,0,0.0
407,47,4.26,0.0,0.0,0.0,5.15,0,0,0,0,0,0,NONE,0,0.0,0,0.0,0,0.0,0,0.0,0,0.0,0,0.0,0,0.0,0,0.0,0,0.0,0,0.0,0,0.0,0,0.0,0,0.0,0,0.0,0,0.0,0,0.0
408,36,16.67,0.0,0.0,0.0,4.36,0,0,1,1,0,0,NONE,0,0.0,0,0.0,0,0.0,0,0.0,0,0.0,0,0.0,0,0.0,1,2.78,0,0.0,0,0.0,1,2.78,0,0.0,0,0.0,0,0.0,0,0.0,0,0.0
409,18,5.56,0.0,0.0,0.0,4.78,0,0,0,0,0,0,NONE,0,0.0,0,0.0,0,0.0,0,0.0,0,0.0,0,0.0,0,0.0,0,0.0,0,0.0,0,0.0,0,0.0,0,0.0,0,0.0,0,0.0,0,0.0,0,0.0
410,42,14.29,0.0,0.0,0.0,4.67,0,0,0,1,0,0,NONE,0,0.0,0,0.0,0,0.0,0,0.0,0,0.0,0,0.0,0,0.0,0,0.0,0,0.0,0,0.0,1,2.38,0,0.0,0,0.0,0,0.0,0,0.0,0,0.0
411,97,6.19,0.0,0.0,0.0,4.14,0,0,0,0,0,0,NONE,0,0.0,0,0.0,0,0.0,0,0.0,0,0.0,0,0.0,0,0.0,0,0.0,0,0.0,0,0.0,0,0.0,0,0.0,0,0.0,0,0.0,0,0.0,0,0.0
412,33,6.06,0.0,0.0,3.03,4.18,0,0,0,0,0,0,NONE,0,0.0,0,0.0,0,0.0,0,0.0,0,0.0,0,0.0,0,0.0,0,0.0,0,0.0,0,0.0,0,0.0,0,0.0,0,0.0,0,0.0,0,0.0,0,0.0
413,60,16.67,0.0,1.67,0.0,4.23,0,0,0,0,0,0,NONE,0,0.0,0,0.0,0,0.0,0,0.0,0,0.0,0,0.0,0,0.0,0,0.0,0,0.0,0,0.0,0,0.0,0,0.0,0,0.0,0,0.0,0,0.0,0,0.0
414,45,17.78,0.0,0.0,0.0,4.27,1,0,1,0,0,0,NONE,0,0.0,0,0.0,1,2.22,0,0.0,0,0.0,0,0.0,0,0.0,0,0.0,1,2.22,0,0.0,0,0.0,0,0.0,0,0.0,0,0.0,0,0.0,0,0.0
415,62,9.68,0.0,0.0,1.61,4.81,0,0,1,0,0,0,NONE,0,0.0,0,0.0,0,0.0,0,0.0,0,0.0,0,0.0,0,0.0,0,0.0,1,1.61,0,0.0,0,0.0,0,0.0,0,0.0,0,0.0,0,0.0,0,0.0
416,95,8.42,0.0,0.0,1.05,4.12,1,0,0,0,0,0,NONE,0,0.0,0,0.0,1,1.05,0,0.0,0,0.0,0,0.0,0,0.0,0,0.0,0,0.0,0,0.0,0,0.0,0,0.0,0,0.0,0,0.0,0,0.0,0,0.0
417,78,6.41,0.0,0.0,0.0,4.18,0,0,1,1,0,0,NONE,0,0.0,0,0.0,0,0.0,0,0.0,0,0.0,0,0.0,0,0.0,0,0.0,1,1.28,0,0.0,0,0.0,1,1.28,0,0.0,0,0.0,0,0.0,0,0.0
418,76,5.26,0.0,2.63,1.32,4.59,0,0,1,0,0,0,NONE,0,0.0,0,0.0,0,0.0,0,0.0,0,0.0,0,0.0,0,0.0,0,0.0,1,1.32,0,0.0,0,0.0,0,0.0,0,0.0,0,0.0,0,0.0,0,0.0
419,81,7.41,0.0,1.23,1.23,4.19,0,0,0,0,0,0,NONE,0,0.0,0,0.0,0,0.0,0,0.0,0,0.0,0,0.0,0,0.0,0,0.0,0,0.0,0,0.0,0,0.0,0,0.0,0,0.0,0,0.0,0,0.0,0,0.0
420,89,12.36,0.0,0.0,0.0,3.62,0,0,0,3,0,0,NONE,0,0.0,0,0.0,0,0.0,0,0.0,0,0.0,0,0.0,0,0.0,0,0.0,0,0.0,0,0.0,3,3.37,0,0.0,0,0.0,0,0.0,0,0.0,0,0.0
421,93,4.3,0.0,1.08,0.0,4.37,0,0,1,0,0,0,NONE,0,0.0,0,0.0,0,0.0,0,0.0,0,0.0,0,0.0,0,0.0,0,0.0,1,1.08,0,0.0,0,0.0,0,0.0,0,0.0,0,0.0,0,0.0,0,0.0
422,57,1.75,0.0,0.0,0.0,4.09,0,0,0,0,0,0,NONE,0,0.0,0,0.0,0,0.0,0,0.0,0,0.0,0,0.0,0,0.0,0,0.0,0,0.0,0,0.0,0,0.0,0,0.0,0,0.0,0,0.0,0,0.0,0,0.0
423,90,13.33,0.0,0.0,0.0,4.27,1,0,0,0,0,0,NONE,1,1.11,0,0.0,0,0.0,0,0.0,0,0.0,0,0.0,0,0.0,0,0.0,0,0.0,0,0.0,0,0.0,0,0.0,0,0.0,0,0.0,0,0.0,0,0.0
424,74,5.41,1.35,0.0,0.0,4.74,0,0,0,0,0,0,NONE,0,0.0,0,0.0,0,0.0,0,0.0,0,0.0,0,0.0,0,0.0,0,0.0,0,0.0,0,0.0,0,0.0,0,0.0,0,0.0,0,0.0,0,0.0,0,0.0
425,49,6.12,0.0,2.04,0.0,4.49,0,0,0,0,0,0,NONE,0,0.0,0,0.0,0,0.0,0,0.0,0,0.0,0,0.0,0,0.0,0,0.0,0,0.0,0,0.0,0,0.0,0,0.0,0,0.0,0,0.0,0,0.0,0,0.0
426,67,8.96,0.0,1.49,2.99,4.57,0,0,0,2,0,0,NONE,0,0.0,0,0.0,0,0.0,0,0.0,0,0.0,0,0.0,0,0.0,0,0.0,0,0.0,0,0.0,2,2.99,0,0.0,0,0.0,0,0.0,0,0.0,0,0.0
427,49,10.2,0.0,0.0,0.0,4.67,0,0,0,0,0,0,NONE,0,0.0,0,0.0,0,0.0,0,0.0,0,0.0,0,0.0,0,0.0,0,0.0,0,0.0,0,0.0,0,0.0,0,0.0,0,0.0,0,0.0,0,0.0,0,0.0
428,61,13.11,0.0,1.64,0.0,4.52,0,0,1,1,0,0,NONE,0,0.0,0,0.0,0,0.0,0,0.0,0,0.0,0,0.0,0,0.0,0,0.0,1,1.64,0,0.0,0,0.0,0,0.0,1,1.64,0,0.0,0,0.0,0,0.0
429,70,10.0,0.0,1.43,0.0,4.36,0,0,0,0,0,0,NONE,0,0.0,0,0.0,0,0.0,0,0.0,0,0.0,0,0.0,0,0.0,0,0.0,0,0.0,0,0.0,0,0.0,0,0.0,0,0.0,0,0.0,0,0.0,0,0.0
430,69,10.14,0.0,0.0,0.0,4.36,1,0,0,0,0,0,NONE,0,0.0,0,0.0,1,1.45,0,0.0,0,0.0,0,0.0,0,0.0,0,0.0,0,0.0,0,0.0,0,0.0,0,0.0,0,0.0,0,0.0,0,0.0,0,0.0
431,46,17.39,0.0,0.0,4.35,3.93,2,0,0,0,0,0,NONE,0,0.0,0,0.0,0,0.0,2,4.35,0,0.0,0,0.0,0,0.0,0,0.0,0,0.0,0,0.0,0,0.0,0,0.0,0,0.0,0,0.0,0,0.0,0,0.0
432,74,10.81,0.0,0.0,0.0,4.12,0,1,0,0,0,0,NONE,0,0.0,0,0.0,0,0.0,0,0.0,1,1.35,0,0.0,0,0.0,0,0.0,0,0.0,0,0.0,0,0.0,0,0.0,0,0.0,0,0.0,0,0.0,0,0.0
433,45,15.56,0.0,4.44,0.0,4.87,0,0,1,0,0,0,NONE,0,0.0,0,0.0,0,0.0,0,0.0,0,0.0,0,0.0,0,0.0,1,2.22,0,0.0,0,0.0,0,0.0,0,0.0,0,0.0,0,0.0,0,0.0,0,0.0
434,22,13.64,0.0,0.0,0.0,4.59,0,0,0,1,0,0,NONE,0,0.0,0,0.0,0,0.0,0,0.0,0,0.0,0,0.0,0,0.0,0,0.0,0,0.0,0,0.0,1,4.55,0,0.0,0,0.0,0,0.0,0,0.0,0,0.0
435,33,12.12,0.0,0.0,0.0,4.61,0,0,0,0,0,0,NONE,0,0.0,0,0.0,0,0.0,0,0.0,0,0.0,0,0.0,0,0.0,0,0.0,0,0.0,0,0.0,0,0.0,0,0.0,0,0.0,0,0.0,0,0.0,0,0.0
436,15,6.67,0.0,0.0,0.0,4.47,0,0,0,0,0,0,NONE,0,0.0,0,0.0,0,0.0,0,0.0,0,0.0,0,0.0,0,0.0,0,0.0,0,0.0,0,0.0,0,0.0,0,0.0,0,0.0,0,0.0,0,0.0,0,0.0
437,11,18.18,0.0,0.0,0.0,5.0,0,0,0,0,0,0,NONE,0,0.0,0,0.0,0,0.0,0,0.0,0,0.0,0,0.0,0,0.0,0,0.0,0,0.0,0,0.0,0,0.0,0,0.0,0,0.0,0,0.0,0,0.0,0,0.0
438,27,11.11,0.0,0.0,3.7,3.56,0,0,0,0,0,0,NONE,0,0.0,0,0.0,0,0.0,0,0.0,0,0.0,0,0.0,0,0.0,0,0.0,0,0.0,0,0.0,0,0.0,0,0.0,0,0.0,0,0.0,0,0.0,0,0.0
439,17,17.65,0.0,0.0,0.0,4.12,0,0,0,1,0,0,NONE,0,0.0,0,0.0,0,0.0,0,0.0,0,0.0,0,0.0,0,0.0,0,0.0,0,0.0,0,0.0,1,5.88,0,0.0,0,0.0,0,0.0,0,0.0,0,0.0
440,16,18.75,0.0,0.0,0.0,4.5,0,0,0,0,0,0,NONE,0,0.0,0,0.0,0,0.0,0,0.0,0,0.0,0,0.0,0,0.0,0,0.0,0,0.0,0,0.0,0,0.0,0,0.0,0,0.0,0,0.0,0,0.0,0,0.0
441,12,8.33,0.0,0.0,0.0,4.67,0,0,0,0,0,0,NONE,0,0.0,0,0.0,0,0.0,0,0.0,0,0.0,0,0.0,0,0.0,0,0.0,0,0.0,0,0.0,0,0.0,0,0.0,0,0.0,0,0.0,0,0.0,0,0.0
442,35,8.57,0.0,0.0,0.0,3.63,0,0,0,1,0,0,NONE,0,0.0,0,0.0,0,0.0,0,0.0,0,0.0,0,0.0,0,0.0,0,0.0,0,0.0,0,0.0,1,2.86,0,0.0,0,0.0,0,0.0,0,0.0,0,0.0
443,27,7.41,0.0,0.0,0.0,4.89,0,0,0,0,0,0,NONE,0,0.0,0,0.0,0,0.0,0,0.0,0,0.0,0,0.0,0,0.0,0,0.0,0,0.0,0,0.0,0,0.0,0,0.0,0,0.0,0,0.0,0,0.0,0,0.0
444,13,7.69,0.0,0.0,0.0,3.92,0,0,0,0,0,0,NONE,0,0.0,0,0.0,0,0.0,0,0.0,0,0.0,0,0.0,0,0.0,0,0.0,0,0.0,0,0.0,0,0.0,0,0.0,0,0.0,0,0.0,0,0.0,0,0.0
445,19,10.53,0.0,0.0,0.0,4.42,0,0,0,0,0,0,NONE,0,0.0,0,0.0,0,0.0,0,0.0,0,0.0,0,0.0,0,0.0,0,0.0,0,0.0,0,0.0,0,0.0,0,0.0,0,0.0,0,0.0,0,0.0,0,0.0
446,45,11.11,0.0,0.0,0.0,5.09,0,0,0,1,0,0,NONE,0,0.0,0,0.0,0,0.0,0,0.0,0,0.0,0,0.0,0,0.0,0,0.0,0,0.0,0,0.0,1,2.22,0,0.0,0,0.0,0,0.0,0,0.0,0,0.0
447,52,5.77,0.0,0.0,0.0,4.38,1,0,0,0,0,0,NONE,1,1.92,0,0.0,0,0.0,0,0.0,0,0.0,0,0.0,0,0.0,0,0.0,0,0.0,0,0.0,0,0.0,0,0.0,0,0.0,0,0.0,0,0.0,0,0.0
448,45,8.89,0.0,4.44,0.0,4.82,0,0,0,1,0,0,NONE,0,0.0,0,0.0,0,0.0,0,0.0,0,0.0,0,0.0,0,0.0,0,0.0,0,0.0,0,0.0,1,2.22,0,0.0,0,0.0,0,0.0,0,0.0,0,0.0
449,69,8.7,0.0,0.0,1.45,3.94,0,0,0,1,0,0,NONE,0,0.0,0,0.0,0,0.0,0,0.0,0,0.0,0,0.0,0,0.0,0,0.0,0,0.0,0,0.0,1,1.45,0,0.0,0,0.0,0,0.0,0,0.0,0,0.0
450,61,13.11,0.0,0.0,0.0,4.66,0,1,0,0,0,0,NONE,0,0.0,0,0.0,0,0.0,0,0.0,1,1.64,0,0.0,0,0.0,0,0.0,0,0.0,0,0.0,0,0.0,0,0.0,0,0.0,0,0.0,0,0.0,0,0.0
451,47,6.38,0.0,0.0,2.13,4.47,0,0,0,0,0,0,NONE,0,0.0,0,0.0,0,0.0,0,0.0,0,0.0,0,0.0,0,0.0,0,0.0,0,0.0,0,0.0,0,0.0,0,0.0,0,0.0,0,0.0,0,0.0,0,0.0
452,35,14.29,0.0,2.86,2.86,4.34,0,0,0,0,0,0,NONE,0,0.0,0,0.0,0,0.0,0,0.0,0,0.0,0,0.0,0,0.0,0,0.0,0,0.0,0,0.0,0,0.0,0,0.0,0,0.0,0,0.0,0,0.0,0,0.0
453,50,12.0,0.0,0.0,0.0,4.96,0,0,0,0,0,0,NONE,0,0.0,0,0.0,0,0.0,0,0.0,0,0.0,0,0.0,0,0.0,0,0.0,0,0.0,0,0.0,0,0.0,0,0.0,0,0.0,0,0.0,0,0.0,0,0.0
454,53,11.32,0.0,0.0,0.0,5.08,0,0,0,0,0,0,NONE,0,0.0,0,0.0,0,0.0,0,0.0,0,0.0,0,0.0,0,0.0,0,0.0,0,0.0,0,0.0,0,0.0,0,0.0,0,0.0,0,0.0,0,0.0,0,0.0
455,45,8.89,0.0,0.0,0.0,4.18,0,0,0,1,0,0,NONE,0,0.0,0,0.0,0,0.0,0,0.0,0,0.0,0,0.0,0,0.0,0,0.0,0,0.0,0,0.0,1,2.22,0,0.0,0,0.0,0,0.0,0,0.0,0,0.0
456,58,12.07,0.0,0.0,0.0,4.47,0,0,1,0,0,0,NONE,0,0.0,0,0.0,0,0.0,0,0.0,0,0.0,0,0.0,0,0.0,1,1.72,0,0.0,0,0.0,0,0.0,0,0.0,0,0.0,0,0.0,0,0.0,0,0.0
457,16,12.5,0.0,0.0,0.0,5.31,0,0,0,0,0,0,NONE,0,0.0,0,0.0,0,0.0,0,0.0,0,0.0,0,0.0,0,0.0,0,0.0,0,0.0,0,0.0,0,0.0,0,0.0,0,0.0,0,0.0,0,0.0,0,0.0
458,46,10.87,0.0,0.0,0.0,4.37,0,0,0,1,0,0,NONE,0,0.0,0,0.0,0,0.0,0,0.0,0,0.0,0,0.0,0,0.0,0,0.0,0,0.0,0,0.0,1,2.17,0,0.0,0,0.0,0,0.0,0,0.0,0,0.0
459,44,9.09,0.0,0.0,0.0,4.75,0,0,0,0,0,0,NONE,0,0.0,0,0.0,0,0.0,0,0.0,0,0.0,0,0.0,0,0.0,0,0.0,0,0.0,0,0.0,0,0.0,0,0.0,0,0.0,0,0.0,0,0.0,0,0.0
460,39,12.82,0.0,0.0,0.0,4.1,0,0,0,0,0,0,NONE,0,0.0,0,0.0,0,0.0,0,0.0,0,0.0,0,0.0,0,0.0,0,0.0,0,0.0,0,0.0,0,0.0,0,0.0,0,0.0,0,0.0,0,0.0,0,0.0
461,25,4.0,0.0,0.0,0.0,4.72,0,0,0,1,0,0,NONE,0,0.0,0,0.0,0,0.0,0,0.0,0,0.0,0,0.0,0,0.0,0,0.0,0,0.0,0,0.0,1,4.0,0,0.0,0,0.0,0,0.0,0,0.0,0,0.0
462,52,9.62,0.0,0.0,0.0,4.02,0,0,0,0,0,0,NONE,0,0.0,0,0.0,0,0.0,0,0.0,0,0.0,0,0.0,0,0.0,0,0.0,0,0.0,0,0.0,0,0.0,0,0.0,0,0.0,0,0.0,0,0.0,0,0.0
463,76,10.53,0.0,0.0,0.0,5.04,0,0,0,1,0,0,NONE,0,0.0,0,0.0,0,0.0,0,0.0,0,0.0,0,0.0,0,0.0,0,0.0,0,0.0,0,0.0,1,1.32,0,0.0,0,0.0,0,0.0,0,0.0,0,0.0
464,37,5.41,0.0,0.0,0.0,4.19,0,0,0,0,0,0,NONE,0,0.0,0,0.0,0,0.0,0,0.0,0,0.0,0,0.0,0,0.0,0,0.0,0,0.0,0,0.0,0,0.0,0,0.0,0,0.0,0,0.0,0,0.0,0,0.0
465,26,11.54,0.0,0.0,0.0,4.15,0,0,0,0,0,0,NONE,0,0.0,0,0.0,0,0.0,0,0.0,0,0.0,0,0.0,0,0.0,0,0.0,0,0.0,0,0.0,0,0.0,0,0.0,0,0.0,0,0.0,0,0.0,0,0.0
466,31,12.9,0.0,0.0,0.0,3.32,1,0,0,0,0,0,NONE,0,0.0,0,0.0,1,3.23,0,0.0,0,0.0,0,0.0,0,0.0,0,0.0,0,0.0,0,0.0,0,0.0,0,0.0,0,0.0,0,0.0,0,0.0,0,0.0
467,29,6.9,0.0,0.0,0.0,4.03,0,0,0,0,0,0,NONE,0,0.0,0,0.0,0,0.0,0,0.0,0,0.0,0,0.0,0,0.0,0,0.0,0,0.0,0,0.0,0,0.0,0,0.0,0,0.0,0,0.0,0,0.0,0,0.0
468,37,8.11,0.0,0.0,0.0,4.59,0,0,0,0,0,0,NONE,0,0.0,0,0.0,0,0.0,0,0.0,0,0.0,0,0.0,0,0.0,0,0.0,0,0.0,0,0.0,0,0.0,0,0.0,0,0.0,0,0.0,0,0.0,0,0.0
469,53,13.21,0.0,0.0,0.0,4.68,0,0,1,0,0,0,NONE,0,0.0,0,0.0,0,0.0,0,0.0,0,0.0,0,0.0,0,0.0,0,0.0,1,1.89,0,0.0,0,0.0,0,0.0,0,0.0,0,0.0,0,0.0,0,0.0
470,71,12.68,0.0,0.0,1.41,4.15,0,0,0,2,0,0,NONE,0,0.0,0,0.0,0,0.0,0,0.0,0,0.0,0,0.0,0,0.0,0,0.0,0,0.0,0,0.0,2,2.82,0,0.0,0,0.0,0,0.0,0,0.0,0,0.0
471,45,20.0,0.0,0.0,0.0,4.4,1,0,0,0,0,0,NONE,1,2.22,0,0.0,0,0.0,0,0.0,0,0.0,0,0.0,0,0.0,0,0.0,0,0.0,0,0.0,0,0.0,0,0.0,0,0.0,0,0.0,0,0.0,0,0.0
472,37,21.62,0.0,0.0,0.0,4.49,0,0,0,0,0,0,NONE,0,0.0,0,0.0,0,0.0,0,0.0,0,0.0,0,0.0,0,0.0,0,0.0,0,0.0,0,0.0,0,0.0,0,0.0,0,0.0,0,0.0,0,0.0,0,0.0
473,33,12.12,3.03,0.0,0.0,4.73,0,0,0,0,0,0,NONE,0,0.0,0,0.0,0,0.0,0,0.0,0,0.0,0,0.0,0,0.0,0,0.0,0,0.0,0,0.0,0,0.0,0,0.0,0,0.0,0,0.0,0,0.0,0,0.0
474,61,8.2,0.0,0.0,0.0,4.44,0,0,0,1,1,0,NONE,0,0.0,0,0.0,0,0.0,0,0.0,0,0.0,0,0.0,0,0.0,0,0.0,0,0.0,0,0.0,1,1.64,0,0.0,0,0.0,1,1.64,0,0.0,0,0.0
475,92,13.04,0.0,2.17,1.09,4.45,0,0,0,3,0,0,NONE,0,0.0,0,0.0,0,0.0,0,0.0,0,0.0,0,0.0,0,0.0,0,0.0,0,0.0,0,0.0,2,2.17,0,0.0,1,1.09,0,0.0,0,0.0,0,0.0
476,58,17.24,0.0,0.0,0.0,4.16,0,0,0,0,0,0,NONE,0,0.0,0,0.0,0,0.0,0,0.0,0,0.0,0,0.0,0,0.0,0,0.0,0,0.0,0,0.0,0,0.0,0,0.0,0,0.0,0,0.0,0,0.0,0,0.0
477,31,9.68,0.0,0.0,0.0,3.97,1,0,0,0,0,0,NONE,1,3.23,0,0.0,0,0.0,0,0.0,0,0.0,0,0.0,0,0.0,0,0.0,0,0.0,0,0.0,0,0.0,0,0.0,0,0.0,0,0.0,0,0.0,0,0.0
478,51,9.8,0.0,0.0,0.0,4.16,0,0,1,0,0,0,NONE,0,0.0,0,0.0,0,0.0,0,0.0,0,0.0,0,0.0,0,0.0,1,1.96,0,0.0,0,0.0,0,0.0,0,0.0,0,0.0,0,0.0,0,0.0,0,0.0
479,52,11.54,0.0,1.92,1.92,4.52,0,0,0,0,0,0,NONE,0,0.0,0,0.0,0,0.0,0,0.0,0,0.0,0,0.0,0,0.0,0,0.0,0,0.0,0,0.0,0,0.0,0,0.0,0,0.0,0,0.0,0,0.0,0,0.0
480,66,4.55,0.0,1.52,0.0,4.44,1,0,0,0,0,0,NONE,0,0.0,0,0.0,0,0.0,1,1.52,0,0.0,0,0.0,0,0.0,0,0.0,0,0.0,0,0.0,0,0.0,0,0.0,0,0.0,0,0.0,0,0.0,0,0.0
481,38,10.53,0.0,0.0,0.0,4.05,0,0,0,1,0,0,NONE,0,0.0,0,0.0,0,0.0,0,0.0,0,0.0,0,0.0,0,0.0,0,0.0,0,0.0,0,0.0,1,2.63,0,0.0,0,0.0,0,0.0,0,0.0,0,0.0
482,92,7.61,0.0,0.0,3.26,4.12,1,0,0,0,0,0,NONE,0,0.0,0,0.0,1,1.09,0,0.0,0,0.0,0,0.0,0,0.0,0,0.0,0,0.0,0,0.0,0,0.0,0,0.0,0,0.0,0,0.0,0,0.0,0,0.0
483,79,11.39,0.0,0.0,2.53,4.67,1,1,0,0,0,0,NONE,0,0.0,0,0.0,1,1.27,0,0.0,1,1.27,0,0.0,0,0.0,0,0.0,0,0.0,0,0.0,0,0.0,0,0.0,0,0.0,0,0.0,0,0.0,0,0.0
484,72,13.89,0.0,1.39,1.39,4.22,0,0,1,1,0,0,NONE,0,0.0,0,0.0,0,0.0,0,0.0,0,0.0,0,0.0,0,0.0,1,1.39,0,0.0,0,0.0,1,1.39,0,0.0,0,0.0,0,0.0,0,0.0,0,0.0
485,56,14.29,0.0,0.0,1.79,3.93,0,0,0,0,0,0,NONE,0,0.0,0,0.0,0,0.0,0,0.0,0,0.0,0,0.0,0,0.0,0,0.0,0,0.0,0,0.0,0,0.0,0,0.0,0,0.0,0,0.0,0,0.0,0,0.0
486,38,10.53,0.0,0.0,0.0,3.95,0,0,0,0,0,0,NONE,0,0.0,0,0.0,0,0.0,0,0.0,0,0.0,0,0.0,0,0.0,0,0.0,0,0.0,0,0.0,0,0.0,0,0.0,0,0.0,0,0.0,0,0.0,0,0.0
487,42,11.9,0.0,0.0,0.0,4.74,0,1,0,0,0,0,NONE,0,0.0,0,0.0,0,0.0,0,0.0,1,2.38,0,0.0,0,0.0,0,0.0,0,0.0,0,0.0,0,0.0,0,0.0,0,0.0,0,0.0,0,0.0,0,0.0
488,80,13.75,0.0,0.0,0.0,4.21,1,2,0,1,0,0,NONE,0,0.0,0,0.0,1,1.25,0,0.0,2,2.5,0,0.0,0,0.0,0,0.0,0,0.0,0,0.0,1,1.25,0,0.0,0,0.0,0,0.0,0,0.0,0,0.0
489,21,4.76,0.0,0.0,4.76,4.76,1,0,0,0,0,0,NONE,1,4.76,0,0.0,0,0.0,0,0.0,0,0.0,0,0.0,0,0.0,0,0.0,0,0.0,0,0.0,0,0.0,0,0.0,0,0.0,0,0.0,0,0.0,0,0.0
490,24,12.5,0.0,0.0,4.17,3.92,0,0,1,0,0,0,NONE,0,0.0,0,0.0,0,0.0,0,0.0,0,0.0,0,0.0,0,0.0,1,4.17,0,0.0,0,0.0,0,0.0,0,0.0,0,0.0,0,0.0,0,0.0,0,0.0
491,12,0.0,0.0,0.0,0.0,5.25,0,0,0,0,0,0,NONE,0,0.0,0,0.0,0,0.0,0,0.0,0,0.0,0,0.0,0,0.0,0,0.0,0,0.0,0,0.0,0,0.0,0,0.0,0,0.0,0,0.0,0,0.0,0,0.0
492,49,14.29,0.0,2.04,0.0,3.88,0,0,0,1,0,0,NONE,0,0.0,0,0.0,0,0.0,0,0.0,0,0.0,0,0.0,0,0.0,0,0.0,0,0.0,0,0.0,1,2.04,0,0.0,0,0.0,0,0.0,0,0.0,0,0.0
493,37,16.22,0.0,0.0,0.0,4.11,0,0,0,0,0,0,NONE,0,0.0,0,0.0,0,0.0,0,0.0,0,0.0,0,0.0,0,0.0,0,0.0,0,0.0,0,0.0,0,0.0,0,0.0,0,0.0,0,0.0,0,0.0,0,0.0
494,20,15.0,0.0,0.0,0.0,4.7,0,1,0,0,0,0,NONE,0,0.0,0,0.0,0,0.0,0,0.0,1,5.0,0,0.0,0,0.0,0,0.0,0,0.0,0,0.0,0,0.0,0,0.0,0,0.0,0,0.0,0,0.0,0,0.0
495,21,9.52,0.0,0.0,0.0,4.9,0,0,0,0,0,0,NONE,0,0.0,0,0.0,0,0.0,0,0.0,0,0.0,0,0.0,0,0.0,0,0.0,0,0.0,0,0.0,0,0.0,0,0.0,0,0.0,0,0.0,0,0.0,0,0.0
496,33,6.06,0.0,3.03,0.0,4.3,0,0,1,0,0,0,NONE,0,0.0,0,0.0,0,0.0,0,0.0,0,0.0,0,0.0,0,0.0,1,3.03,0,0.0,0,0.0,0,0.0,0,0.0,0,0.0,0,0.0,0,0.0,0,0.0
497,55,12.73,0.0,0.0,0.0,4.55,0,0,1,2,0,0,NONE,0,0.0,0,0.0,0,0.0,0,0.0,0,0.0,0,0.0,0,0.0,1,1.82,0,0.0,0,0.0,0,0.0,2,3.64,0,0.0,0,0.0,0,0.0,0,0.0
498,30,3.33,0.0,0.0,0.0,4.37,0,0,0,0,0,0,NONE,0,0.0,0,0.0,0,0.0,0,0.0,0,0.0,0,0.0,0,0.0,0,0.0,0,0.0,0,0.0,0,0.0,0,0.0,0,0.0,0,0.0,0,0.0,0,0.0
499,26,7.69,0.0,0.0,0.0,4.54,0,0,0,0,0,0,NONE,0,0.0,0,0.0,0,0.0,0,0.0,0,0.0,0,0.0,0,0.0,0,0.0,0,0.0,0,0.0,0,0.0,0,0.0,0,0.0,0,0.0,0,0.0,0,0.0
500,25,12.0,0.0,0.0,0.0,4.16,0,0,0,0,0,0,NONE,0,0.0,0,0.0,0,0.0,0,0.0,0,0.0,0,0.0,0,0.0,0,0.0,0,0.0,0,0.0,0,0.0,0,0.0,0,0.0,0,0.0,0,0.0,0,0.0
501,37,8.11,0.0,0.0,0.0,3.57,0,0,0,0,0,0,NONE,0,0.0,0,0.0,0,0.0,0,0.0,0,0.0,0,0.0,0,0.0,0,0.0,0,0.0,0,0.0,0,0.0,0,0.0,0,0.0,0,0.0,0,0.0,0,0.0
502,50,14.0,0.0,0.0,0.0,4.06,0,0,0,1,0,0,NONE,0,0.0,0,0.0,0,0.0,0,0.0,0,0.0,0,0.0,0,0.0,0,0.0,0,0.0,0,0.0,1,2.0,0,0.0,0,0.0,0,0.0,0,0.0,0,0.0
503,13,7.69,0.0,0.0,0.0,4.92,0,0,0,0,0,0,NONE,0,0.0,0,0.0,0,0.0,0,0.0,0,0.0,0,0.0,0,0.0,0,0.0,0,0.0,0,0.0,0,0.0,0,0.0,0,0.0,0,0.0,0,0.0,0,0.0
504,45,15.56,0.0,0.0,0.0,3.98,0,0,0,0,1,0,NONE,0,0.0,0,0.0,0,0.0,0,0.0,0,0.0,0,0.0,0,0.0,0,0.0,0,0.0,0,0.0,0,0.0,0,0.0,0,0.0,1,2.22,0,0.0,0,0.0
505,30,6.67,0.0,0.0,0.0,4.13,0,0,0,0,0,0,NONE,0,0.0,0,0.0,0,0.0,0,0.0,0,0.0,0,0.0,0,0.0,0,0.0,0,0.0,0,0.0,0,0.0,0,0.0,0,0.0,0,0.0,0,0.0,0,0.0
506,47,4.26,0.0,0.0,0.0,3.64,1,0,0,0,0,0,NONE,1,2.13,0,0.0,0,0.0,0,0.0,0,0.0,0,0.0,0,0.0,0,0.0,0,0.0,0,0.0,0,0.0,0,0.0,0,0.0,0,0.0,0,0.0,0,0.0
507,21,14.29,0.0,0.0,0.0,4.38,0,0,0,0,0,0,NONE,0,0.0,0,0.0,0,0.0,0,0.0,0,0.0,0,0.0,0,0.0,0,0.0,0,0.0,0,0.0,0,0.0,0,0.0,0,0.0,0,0.0,0,0.0,0,0.0
508,44,13.64,0.0,0.0,4.55,4.32,1,0,0,1,0,0,NONE,0,0.0,0,0.0,1,2.27,0,0.0,0,0.0,0,0.0,0,0.0,0,0.0,0,0.0,0,0.0,1,2.27,0,0.0,0,0.0,0,0.0,0,0.0,0,0.0
509,29,10.34,0.0,0.0,0.0,4.45,0,1,0,0,0,0,NONE,0,0.0,0,0.0,0,0.0,0,0.0,1,3.45,0,0.0,0,0.0,0,0.0,0,0.0,0,0.0,0,0.0,0,0.0,0,0.0,0,0.0,0,0.0,0,0.0
510,27,14.81,0.0,3.7,0.0,4.37,0,0,1,0,0,0,NONE,0,0.0,0,0.0,0,0.0,0,0.0,0,0.0,0,0.0,0,0.0,1,3.7,0,0.0,0,0.0,0,0.0,0,0.0,0,0.0,0,0.0,0,0.0,0,0.0
511,36,5.56,0.0,0.0,0.0,4.0,0,0,0,0,0,0,NONE,0,0.0,0,0.0,0,0.0,0,0.0,0,0.0,0,0.0,0,0.0,0,0.0,0,0.0,0,0.0,0,0.0,0,0.0,0,0.0,0,0.0,0,0.0,0,0.0
512,48,10.42,0.0,0.0,0.0,3.75,0,0,0,0,0,0,NONE,0,0.0,0,0.0,0,0.0,0,0.0,0,0.0,0,0.0,0,0.0,0,0.0,0,0.0,0,0.0,0,0.0,0,0.0,0,0.0,0,0.0,0,0.0,0,0.0
513,19,10.53,0.0,0.0,5.26,3.63,0,0,0,0,0,0,NONE,0,0.0,0,0.0,0,0.0,0,0.0,0,0.0,0,0.0,0,0.0,0,0.0,0,0.0,0,0.0,0,0.0,0,0.0,0,0.0,0,0.0,0,0.0,0,0.0
514,50,14.0,0.0,0.0,0.0,3.94,1,0,0,0,0,0,NONE,1,2.0,0,0.0,0,0.0,0,0.0,0,0.0,0,0.0,0,0.0,0,0.0,0,0.0,0,0.0,0,0.0,0,0.0,0,0.0,0,0.0,0,0.0,0,0.0
515,59,6.78,0.0,3.39,1.69,4.05,0,0,0,0,0,0,NONE,0,0.0,0,0.0,0,0.0,0,0.0,0,0.0,0,0.0,0,0.0,0,0.0,0,0.0,0,0.0,0,0.0,0,0.0,0,0.0,0,0.0,0,0.0,0,0.0
516,45,11.11,0.0,0.0,0.0,3.69,0,0,0,0,0,0,NONE,0,0.0,0,0.0,0,0.0,0,0.0,0,0.0,0,0.0,0,0.0,0,0.0,0,0.0,0,0.0,0,0.0,0,0.0,0,0.0,0,0.0,0,0.0,0,0.0
517,37,13.51,0.0,0.0,2.7,3.97,0,0,1,0,0,0,NONE,0,0.0,0,0.0,0,0.0,0,0.0,0,0.0,0,0.0,0,0.0,0,0.0,0,0.0,1,2.7,0,0.0,0,0.0,0,0.0,0,0.0,0,0.0,0,0.0
518,19,5.26,0.0,0.0,0.0,4.32,0,0,0,0,0,0,NONE,0,0.0,0,0.0,0,0.0,0,0.0,0,0.0,0,0.0,0,0.0,0,0.0,0,0.0,0,0.0,0,0.0,0,0.0,0,0.0,0,0.0,0,0.0,0,0.0
519,59,13.56,0.0,5.08,1.69,4.22,0,0,0,2,0,0,NONE,0,0.0,0,0.0,0,0.0,0,0.0,0,0.0,0,0.0,0,0.0,0,0.0,0,0.0,0,0.0,2,3.39,0,0.0,0,0.0,0,0.0,0,0.0,0,0.0
520,35,8.57,0.0,0.0,2.86,3.97,0,0,0,0,0,0,NONE,0,0.0,0,0.0,0,0.0,0,0.0,0,0.0,0,0.0,0,0.0,0,0.0,0,0.0,0,0.0,0,0.0,0,0.0,0,0.0,0,0.0,0,0.0,0,0.0
521,24,4.17,0.0,0.0,4.17,3.79,0,0,0,0,0,0,NONE,0,0.0,0,0.0,0,0.0,0,0.0,0,0.0,0,0.0,0,0.0,0,0.0,0,0.0,0,0.0,0,0.0,0,0.0,0,0.0,0,0.0,0,0.0,0,0.0
522,38,5.26,0.0,0.0,0.0,3.79,0,0,0,0,0,0,NONE,0,0.0,0,0.0,0,0.0,0,0.0,0,0.0,0,0.0,0,0.0,0,0.0,0,0.0,0,0.0,0,0.0,0,0.0,0,0.0,0,0.0,0,0.0,0,0.0
523,61,6.56,0.0,1.64,0.0,4.1,0,0,0,0,0,0,NONE,0,0.0,0,0.0,0,0.0,0,0.0,0,0.0,0,0.0,0,0.0,0,0.0,0,0.0,0,0.0,0,0.0,0,0.0,0,0.0,0,0.0,0,0.0,0,0.0
524,21,9.52,0.0,0.0,0.0,4.38,0,0,3,0,0,0,NONE,0,0.0,0,0.0,0,0.0,0,0.0,0,0.0,0,0.0,0,0.0,2,9.52,0,0.0,1,4.76,0,0.0,0,0.0,0,0.0,0,0.0,0,0.0,0,0.0
525,29,10.34,0.0,0.0,0.0,4.21,0,0,0,0,0,0,NONE,0,0.0,0,0.0,0,0.0,0,0.0,0,0.0,0,0.0,0,0.0,0,0.0,0,0.0,0,0.0,0,0.0,0,0.0,0,0.0,0,0.0,0,0.0,0,0.0
526,37,8.11,0.0,0.0,0.0,3.95,0,0,0,0,0,0,NONE,0,0.0,0,0.0,0,0.0,0,0.0,0,0.0,0,0.0,0,0.0,0,0.0,0,0.0,0,0.0,0,0.0,0,0.0,0,0.0,0,0.0,0,0.0,0,0.0
527,19,5.26,0.0,0.0,0.0,3.95,0,0,0,0,0,0,NONE,0,0.0,0,0.0,0,0.0,0,0.0,0,0.0,0,0.0,0,0.0,0,0.0,0,0.0,0,0.0,0,0.0,0,0.0,0,0.0,0,0.0,0,0.0,0,0.0
528,20,0.0,0.0,0.0,0.0,4.55,0,0,0,0,0,0,NONE,0,0.0,0,0.0,0,0.0,0,0.0,0,0.0,0,0.0,0,0.0,0,0.0,0,0.0,0,0.0,0,0.0,0,0.0,0,0.0,0,0.0,0,0.0,0,0.0
529,53,11.32,0.0,3.77,0.0,3.87,0,0,0,0,0,0,NONE,0,0.0,0,0.0,0,0.0,0,0.0,0,0.0,0,0.0,0,0.0,0,0.0,0,0.0,0,0.0,0,0.0,0,0.0,0,0.0,0,0.0,0,0.0,0,0.0
530,21,9.52,0.0,4.76,0.0,4.24,0,0,1,1,0,0,NONE,0,0.0,0,0.0,0,0.0,0,0.0,0,0.0,0,0.0,0,0.0,0,0.0,1,4.76,0,0.0,0,0.0,1,4.76,0,0.0,0,0.0,0,0.0,0,0.0
531,21,9.52,0.0,4.76,0.0,4.1,0,0,1,0,0,0,NONE,0,0.0,0,0.0,0,0.0,0,0.0,0,0.0,0,0.0,0,0.0,0,0.0,1,4.76,0,0.0,0,0.0,0,0.0,0,0.0,0,0.0,0,0.0,0,0.0
532,23,17.39,0.0,0.0,4.35,4.04,0,0,0,0,0,0,NONE,0,0.0,0,0.0,0,0.0,0,0.0,0,0.0,0,0.0,0,0.0,0,0.0,0,0.0,0,0.0,0,0.0,0,0.0,0,0.0,0,0.0,0,0.0,0,0.0
533,27,7.41,0.0,0.0,3.7,4.59,0,0,0,1,0,0,NONE,0,0.0,0,0.0,0,0.0,0,0.0,0,0.0,0,0.0,0,0.0,0,0.0,0,0.0,0,0.0,1,3.7,0,0.0,0,0.0,0,0.0,0,0.0,0,0.0
534,25,8.0,0.0,0.0,0.0,4.8,0,0,0,0,0,0,NONE,0,0.0,0,0.0,0,0.0,0,0.0,0,0.0,0,0.0,0,0.0,0,0.0,0,0.0,0,0.0,0,0.0,0,0.0,0,0.0,0,0.0,0,0.0,0,0.0
535,29,17.24,0.0,0.0,0.0,4.21,0,0,0,1,0,0,NONE,0,0.0,0,0.0,0,0.0,0,0.0,0,0.0,0,0.0,0,0.0,0,0.0,0,0.0,0,0.0,1,3.45,0,0.0,0,0.0,0,0.0,0,0.0,0,0.0
536,25,16.0,0.0,0.0,4.0,3.0,0,0,0,0,0,0,NONE,0,0.0,0,0.0,0,0.0,0,0.0,0,0.0,0,0.0,0,0.0,0,0.0,0,0.0,0,0.0,0,0.0,0,0.0,0,0.0,0,0.0,0,0.0,0,0.0
537,19,10.53,0.0,0.0,0.0,4.89,0,0,0,0,0,0,NONE,0,0.0,0,0.0,0,0.0,0,0.0,0,0.0,0,0.0,0,0.0,0,0.0,0,0.0,0,0.0,0,0.0,0,0.0,0,0.0,0,0.0,0,0.0,0,0.0
538,47,6.38,0.0,0.0,2.13,3.77,0,0,0,0,0,0,NONE,0,0.0,0,0.0,0,0.0,0,0.0,0,0.0,0,0.0,0,0.0,0,0.0,0,0.0,0,0.0,0,0.0,0,0.0,0,0.0,0,0.0,0,0.0,0,0.0
539,35,11.43,0.0,0.0,0.0,4.11,0,0,0,0,0,0,NONE,0,0.0,0,0.0,0,0.0,0,0.0,0,0.0,0,0.0,0,0.0,0,0.0,0,0.0,0,0.0,0,0.0,0,0.0,0,0.0,0,0.0,0,0.0,0,0.0
540,32,6.25,0.0,3.12,0.0,3.72,0,0,0,0,0,0,NONE,0,0.0,0,0.0,0,0.0,0,0.0,0,0.0,0,0.0,0,0.0,0,0.0,0,0.0,0,0.0,0,0.0,0,0.0,0,0.0,0,0.0,0,0.0,0,0.0
541,28,14.29,0.0,0.0,0.0,3.71,0,0,0,0,0,0,NONE,0,0.0,0,0.0,0,0.0,0,0.0,0,0.0,0,0.0,0,0.0,0,0.0,0,0.0,0,0.0,0,0.0,0,0.0,0,0.0,0,0.0,0,0.0,0,0.0
542,36,13.89,0.0,8.33,0.0,3.53,0,0,0,0,0,0,NONE,0,0.0,0,0.0,0,0.0,0,0.0,0,0.0,0,0.0,0,0.0,0,0.0,0,0.0,0,0.0,0,0.0,0,0.0,0,0.0,0,0.0,0,0.0,0,0.0
543,51,3.92,0.0,3.92,0.0,3.92,0,0,1,1,0,0,NONE,0,0.0,0,0.0,0,0.0,0,0.0,0,0.0,0,0.0,0,0.0,1,1.96,0,0.0,0,0.0,0,0.0,1,1.96,0,0.0,0,0.0,0,0.0,0,0.0
544,36,11.11,0.0,0.0,0.0,3.61,0,0,0,0,0,0,NONE,0,0.0,0,0.0,0,0.0,0,0.0,0,0.0,0,0.0,0,0.0,0,0.0,0,0.0,0,0.0,0,0.0,0,0.0,0,0.0,0,0.0,0,0.0,0,0.0
545,40,15.0,0.0,0.0,2.5,3.95,1,0,0,0,0,0,NONE,0,0.0,0,0.0,1,2.5,0,0.0,0,0.0,0,0.0,0,0.0,0,0.0,0,0.0,0,0.0,0,0.0,0,0.0,0,0.0,0,0.0,0,0.0,0,0.0
546,36,16.67,0.0,0.0,0.0,3.69,0,0,0,0,0,0,NONE,0,0.0,0,0.0,0,0.0,0,0.0,0,0.0,0,0.0,0,0.0,0,0.0,0,0.0,0,0.0,0,0.0,0,0.0,0,0.0,0,0.0,0,0.0,0,0.0
547,14,7.14,0.0,0.0,0.0,5.07,0,0,0,0,0,0,NONE,0,0.0,0,0.0,0,0.0,0,0.0,0,0.0,0,0.0,0,0.0,0,0.0,0,0.0,0,0.0,0,0.0,0,0.0,0,0.0,0,0.0,0,0.0,0,0.0
548,20,15.0,0.0,0.0,5.0,4.2,0,0,0,0,0,0,NONE,0,0.0,0,0.0,0,0.0,0,0.0,0,0.0,0,0.0,0,0.0,0,0.0,0,0.0,0,0.0,0,0.0,0,0.0,0,0.0,0,0.0,0,0.0,0,0.0
549,30,13.33,0.0,0.0,0.0,4.0,0,0,0,0,0,0,NONE,0,0.0,0,0.0,0,0.0,0,0.0,0,0.0,0,0.0,0,0.0,0,0.0,0,0.0,0,0.0,0,0.0,0,0.0,0,0.0,0,0.0,0,0.0,0,0.0
550,23,13.04,0.0,0.0,0.0,4.0,0,0,0,0,0,0,NONE,0,0.0,0,0.0,0,0.0,0,0.0,0,0.0,0,0.0,0,0.0,0,0.0,0,0.0,0,0.0,0,0.0,0,0.0,0,0.0,0,0.0,0,0.0,0,0.0
551,12,8.33,0.0,0.0,8.33,4.5,0,0,0,0,0,0,NONE,0,0.0,0,0.0,0,0.0,0,0.0,0,0.0,0,0.0,0,0.0,0,0.0,0,0.0,0,0.0,0,0.0,0,0.0,0,0.0,0,0.0,0,0.0,0,0.0
552,20,10.0,0.0,0.0,5.0,3.7,0,0,0,0,0,0,NONE,0,0.0,0,0.0,0,0.0,0,0.0,0,0.0,0,0.0,0,0.0,0,0.0,0,0.0,0,0.0,0,0.0,0,0.0,0,0.0,0,0.0,0,0.0,0,0.0
553,38,10.53,0.0,0.0,2.63,4.16,0,0,0,1,0,0,NONE,0,0.0,0,0.0,0,0.0,0,0.0,0,0.0,0,0.0,0,0.0,0,0.0,0,0.0,0,0.0,0,0.0,1,2.63,0,0.0,0,0.0,0,0.0,0,0.0
554,17,11.76,0.0,0.0,0.0,3.59,0,0,0,0,0,0,NONE,0,0.0,0,0.0,0,0.0,0,0.0,0,0.0,0,0.0,0,0.0,0,0.0,0,0.0,0,0.0,0,0.0,0,0.0,0,0.0,0,0.0,0,0.0,0,0.0
555,25,8.0,0.0,0.0,0.0,4.56,0,0,1,0,0,0,NONE,0,0.0,0,0.0,0,0.0,0,0.0,0,0.0,0,0.0,0,0.0,0,0.0,1,4.0,0,0.0,0,0.0,0,0.0,0,0.0,0,0.0,0,0.0,0,0.0
556,37,8.11,0.0,0.0,2.7,4.46,0,0,2,2,0,0,NONE,0,0.0,0,0.0,0,0.0,0,0.0,0,0.0,0,0.0,0,0.0,1,2.7,1,2.7,0,0.0,1,2.7,0,0.0,1,2.7,0,0.0,0,0.0,0,0.0
557,48,4.17,0.0,4.17,0.0,4.38,0,0,0,0,0,0,NONE,0,0.0,0,0.0,0,0.0,0,0.0,0,0.0,0,0.0,0,0.0,0,0.0,0,0.0,0,0.0,0,0.0,0,0.0,0,0.0,0,0.0,0,0.0,0,0.0
558,29,10.34,0.0,0.0,0.0,3.76,0,0,0,0,0,0,NONE,0,0.0,0,0.0,0,0.0,0,0.0,0,0.0,0,0.0,0,0.0,0,0.0,0,0.0,0,0.0,0,0.0,0,0.0,0,0.0,0,0.0,0,0.0,0,0.0
559,26,3.85,0.0,0.0,0.0,3.81,0,0,0,0,0,0,NONE,0,0.0,0,0.0,0,0.0,0,0.0,0,0.0,0,0.0,0,0.0,0,0.0,0,0.0,0,0.0,0,0.0,0,0.0,0,0.0,0,0.0,0,0.0,0,0.0
560,60,8.33,1.67,0.0,0.0,4.12,1,0,0,1,1,0,NONE,0,0.0,0,0.0,1,1.67,0,0.0,0,0.0,0,0.0,0,0.0,0,0.0,0,0.0,0,0.0,0,0.0,1,1.67,0,0.0,1,1.67,0,0.0,0,0.0
561,33,9.09,0.0,0.0,3.03,3.73,0,0,0,0,0,0,NONE,0,0.0,0,0.0,0,0.0,0,0.0,0,0.0,0,0.0,0,0.0,0,0.0,0,0.0,0,0.0,0,0.0,0,0.0,0,0.0,0,0.0,0,0.0,0,0.0
562,17,0.0,0.0,0.0,0.0,3.88,0,0,0,0,0,0,NONE,0,0.0,0,0.0,0,0.0,0,0.0,0,0.0,0,0.0,0,0.0,0,0.0,0,0.0,0,0.0,0,0.0,0,0.0,0,0.0,0,0.0,0,0.0,0,0.0
563,30,16.67,0.0,0.0,0.0,4.57,0,0,0,1,0,0,NONE,0,0.0,0,0.0,0,0.0,0,0.0,0,0.0,0,0.0,0,0.0,0,0.0,0,0.0,0,0.0,1,3.33,0,0.0,0,0.0,0,0.0,0,0.0,0,0.0
564,28,0.0,0.0,0.0,0.0,4.32,0,0,0,0,0,0,NONE,0,0.0,0,0.0,0,0.0,0,0.0,0,0.0,0,0.0,0,0.0,0,0.0,0,0.0,0,0.0,0,0.0,0,0.0,0,0.0,0,0.0,0,0.0,0,0.0
565,30,6.67,0.0,0.0,0.0,4.07,0,0,0,0,0,0,NONE,0,0.0,0,0.0,0,0.0,0,0.0,0,0.0,0,0.0,0,0.0,0,0.0,0,0.0,0,0.0,0,0.0,0,0.0,0,0.0,0,0.0,0,0.0,0,0.0
566,46,8.7,0.0,0.0,0.0,4.35,1,0,1,0,0,0,NONE,0,0.0,0,0.0,1,2.17,0,0.0,0,0.0,0,0.0,0,0.0,0,0.0,0,0.0,1,2.17,0,0.0,0,0.0,0,0.0,0,0.0,0,0.0,0,0.0
567,47,12.77,0.0,4.26,2.13,4.28,0,0,0,0,0,0,NONE,0,0.0,0,0.0,0,0.0,0,0.0,0,0.0,0,0.0,0,0.0,0,0.0,0,0.0,0,0.0,0,0.0,0,0.0,0,0.0,0,0.0,0,0.0,0,0.0
568,35,11.43,0.0,0.0,0.0,3.89,0,0,0,0,0,0,NONE,0,0.0,0,0.0,0,0.0,0,0.0,0,0.0,0,0.0,0,0.0,0,0.0,0,0.0,0,0.0,0,0.0,0,0.0,0,0.0,0,0.0,0,0.0,0,0.0
569,35,11.43,0.0,0.0,0.0,3.46,0,0,1,0,1,0,NONE,0,0.0,0,0.0,0,0.0,0,0.0,0,0.0,0,0.0,0,0.0,1,2.86,0,0.0,0,0.0,0,0.0,0,0.0,0,0.0,1,2.86,0,0.0,0,0.0
570,57,14.04,0.0,0.0,1.75,4.02,0,0,0,0,0,0,NONE,0,0.0,0,0.0,0,0.0,0,0.0,0,0.0,0,0.0,0,0.0,0,0.0,0,0.0,0,0.0,0,0.0,0,0.0,0,0.0,0,0.0,0,0.0,0,0.0
571,49,16.33,0.0,0.0,2.04,4.65,0,0,0,0,1,0,NONE,0,0.0,0,0.0,0,0.0,0,0.0,0,0.0,0,0.0,0,0.0,0,0.0,0,0.0,0,0.0,0,0.0,0,0.0,0,0.0,1,2.04,0,0.0,0,0.0
572,38,13.16,0.0,0.0,0.0,4.61,0,0,0,0,0,0,NONE,0,0.0,0,0.0,0,0.0,0,0.0,0,0.0,0,0.0,0,0.0,0,0.0,0,0.0,0,0.0,0,0.0,0,0.0,0,0.0,0,0.0,0,0.0,0,0.0
573,87,10.34,0.0,3.45,1.15,3.93,1,0,1,0,0,0,NONE,1,1.15,0,0.0,0,0.0,0,0.0,0,0.0,0,0.0,0,0.0,0,0.0,1,1.15,0,0.0,0,0.0,0,0.0,0,0.0,0,0.0,0,0.0,0,0.0
574,30,10.0,0.0,0.0,3.33,5.0,0,0,1,0,0,0,NONE,0,0.0,0,0.0,0,0.0,0,0.0,0,0.0,0,0.0,0,0.0,0,0.0,1,3.33,0,0.0,0,0.0,0,0.0,0,0.0,0,0.0,0,0.0,0,0.0
575,36,13.89,0.0,0.0,0.0,4.22,0,0,0,0,0,0,NONE,0,0.0,0,0.0,0,0.0,0,0.0,0,0.0,0,0.0,0,0.0,0,0.0,0,0.0,0,0.0,0,0.0,0,0.0,0,0.0,0,0.0,0,0.0,0,0.0
576,35,5.71,0.0,0.0,0.0,3.86,0,0,0,0,0,0,NONE,0,0.0,0,0.0,0,0.0,0,0.0,0,0.0,0,0.0,0,0.0,0,0.0,0,0.0,0,0.0,0,0.0,0,0.0,0,0.0,0,0.0,0,0.0,0,0.0
577,59,13.56,0.0,0.0,0.0,4.46,0,0,0,0,0,0,NONE,0,0.0,0,0.0,0,0.0,0,0.0,0,0.0,0,0.0,0,0.0,0,0.0,0,0.0,0,0.0,0,0.0,0,0.0,0,0.0,0,0.0,0,0.0,0,0.0
578,35,5.71,0.0,0.0,0.0,4.17,0,0,1,0,0,0,NONE,0,0.0,0,0.0,0,0.0,0,0.0,0,0.0,0,0.0,0,0.0,0,0.0,0,0.0,1,2.86,0,0.0,0,0.0,0,0.0,0,0.0,0,0.0,0,0.0
579,41,14.63,0.0,0.0,0.0,4.78,0,1,0,0,0,0,NONE,0,0.0,0,0.0,0,0.0,0,0.0,1,2.44,0,0.0,0,0.0,0,0.0,0,0.0,0,0.0,0,0.0,0,0.0,0,0.0,0,0.0,0,0.0,0,0.0
580,56,12.5,0.0,0.0,1.79,4.8,0,1,1,0,0,0,NONE,0,0.0,0,0.0,0,0.0,0,0.0,1,1.79,0,0.0,0,0.0,0,0.0,0,0.0,1,1.79,0,0.0,0,0.0,0,0.0,0,0.0,0,0.0,0,0.0
581,26,11.54,0.0,0.0,3.85,5.46,0,0,0,1,0,0,NONE,0,0.0,0,0.0,0,0.0,0,0.0,0,0.0,0,0.0,0,0.0,0,0.0,0,0.0,0,0.0,1,3.85,0,0.0,0,0.0,0,0.0,0,0.0,0,0.0
582,77,18.18,0.0,0.0,0.0,4.55,0,0,0,0,0,0,NONE,0,0.0,0,0.0,0,0.0,0,0.0,0,0.0,0,0.0,0,0.0,0,0.0,0,0.0,0,0.0,0,0.0,0,0.0,0,0.0,0,0.0,0,0.0,0,0.0
583,51,3.92,1.96,1.96,0.0,4.1,0,0,0,1,0,0,NONE,0,0.0,0,0.0,0,0.0,0,0.0,0,0.0,0,0.0,0,0.0,0,0.0,0,0.0,0,0.0,0,0.0,1,1.96,0,0.0,0,0.0,0,0.0,0,0.0
584,24,8.33,0.0,0.0,4.17,4.33,1,0,0,0,0,0,NONE,1,4.17,0,0.0,0,0.0,0,0.0,0,0.0,0,0.0,0,0.0,0,0.0,0,0.0,0,0.0,0,0.0,0,0.0,0,0.0,0,0.0,0,0.0,0,0.0
585,57,10.53,0.0,1.75,1.75,4.18,0,0,0,0,0,0,NONE,0,0.0,0,0.0,0,0.0,0,0.0,0,0.0,0,0.0,0,0.0,0,0.0,0,0.0,0,0.0,0,0.0,0,0.0,0,0.0,0,0.0,0,0.0,0,0.0
586,12,0.0,16.67,0.0,0.0,3.83,0,0,0,0,0,0,NONE,0,0.0,0,0.0,0,0.0,0,0.0,0,0.0,0,0.0,0,0.0,0,0.0,0,0.0,0,0.0,0,0.0,0,0.0,0,0.0,0,0.0,0,0.0,0,0.0
587,79,12.66,0.0,0.0,0.0,4.04,0,0,2,0,0,0,NONE,0,0.0,0,0.0,0,0.0,0,0.0,0,0.0,0,0.0,0,0.0,1,1.27,0,0.0,1,1.27,0,0.0,0,0.0,0,0.0,0,0.0,0,0.0,0,0.0
588,20,10.0,0.0,0.0,0.0,4.5,0,0,0,0,0,0,NONE,0,0.0,0,0.0,0,0.0,0,0.0,0,0.0,0,0.0,0,0.0,0,0.0,0,0.0,0,0.0,0,0.0,0,0.0,0,0.0,0,0.0,0,0.0,0,0.0
589,30,10.0,0.0,0.0,3.33,3.83,0,0,0,0,0,0,NONE,0,0.0,0,0.0,0,0.0,0,0.0,0,0.0,0,0.0,0,0.0,0,0.0,0,0.0,0,0.0,0,0.0,0,0.0,0,0.0,0,0.0,0,0.0,0,0.0
590,16,6.25,0.0,0.0,12.5,4.5,1,0,0,0,0,0,NONE,0,0.0,0,0.0,0,0.0,1,6.25,0,0.0,0,0.0,0,0.0,0,0.0,0,0.0,0,0.0,0,0.0,0,0.0,0,0.0,0,0.0,0,0.0,0,0.0
591,26,11.54,0.0,0.0,0.0,4.42,0,0,0,0,0,0,NONE,0,0.0,0,0.0,0,0.0,0,0.0,0,0.0,0,0.0,0,0.0,0,0.0,0,0.0,0,0.0,0,0.0,0,0.0,0,0.0,0,0.0,0,0.0,0,0.0
592,29,6.9,0.0,0.0,0.0,4.0,0,0,0,0,0,0,NONE,0,0.0,0,0.0,0,0.0,0,0.0,0,0.0,0,0.0,0,0.0,0,0.0,0,0.0,0,0.0,0,0.0,0,0.0,0,0.0,0,0.0,0,0.0,0,0.0
593,33,0.0,0.0,0.0,0.0,4.27,0,0,0,0,0,0,NONE,0,0.0,0,0.0,0,0.0,0,0.0,0,0.0,0,0.0,0,0.0,0,0.0,0,0.0,0,0.0,0,0.0,0,0.0,0,0.0,0,0.0,0,0.0,0,0.0
594,81,14.81,0.0,0.0,0.0,4.25,2,0,0,1,0,0,NONE,2,2.47,0,0.0,0,0.0,0,0.0,0,0.0,0,0.0,0,0.0,0,0.0,0,0.0,0,0.0,1,1.23,0,0.0,0,0.0,0,0.0,0,0.0,0,0.0
595,53,13.21,0.0,0.0,1.89,3.94,0,0,0,0,0,0,NONE,0,0.0,0,0.0,0,0.0,0,0.0,0,0.0,0,0.0,0,0.0,0,0.0,0,0.0,0,0.0,0,0.0,0,0.0,0,0.0,0,0.0,0,0.0,0,0.0
596,18,0.0,0.0,0.0,5.56,4.22,0,0,0,0,0,0,NONE,0,0.0,0,0.0,0,0.0,0,0.0,0,0.0,0,0.0,0,0.0,0,0.0,0,0.0,0,0.0,0,0.0,0,0.0,0,0.0,0,0.0,0,0.0,0,0.0
597,22,0.0,0.0,0.0,4.55,4.82,0,0,0,0,0,0,NONE,0,0.0,0,0.0,0,0.0,0,0.0,0,0.0,0,0.0,0,0.0,0,0.0,0,0.0,0,0.0,0,0.0,0,0.0,0,0.0,0,0.0,0,0.0,0,0.0
598,36,5.56,0.0,0.0,0.0,4.08,0,1,0,0,0,0,NONE,0,0.0,0,0.0,0,0.0,0,0.0,1,2.78,0,0.0,0,0.0,0,0.0,0,0.0,0,0.0,0,0.0,0,0.0,0,0.0,0,0.0,0,0.0,0,0.0
599,46,10.87,0.0,0.0,0.0,3.93,0,0,0,1,0,0,NONE,0,0.0,0,0.0,0,0.0,0,0.0,0,0.0,0,0.0,0,0.0,0,0.0,0,0.0,0,0.0,1,2.17,0,0.0,0,0.0,0,0.0,0,0.0,0,0.0
600,49,10.2,2.04,0.0,0.0,3.88,0,0,0,0,0,0,NONE,0,0.0,0,0.0,0,0.0,0,0.0,0,0.0,0,0.0,0,0.0,0,0.0,0,0.0,0,0.0,0,0.0,0,0.0,0,0.0,0,0.0,0,0.0,0,0.0
601,41,7.32,0.0,0.0,0.0,4.27,0,0,0,0,0,0,NONE,0,0.0,0,0.0,0,0.0,0,0.0,0,0.0,0,0.0,0,0.0,0,0.0,0,0.0,0,0.0,0,0.0,0,0.0,0,0.0,0,0.0,0,0.0,0,0.0
602,48,6.25,0.0,0.0,0.0,3.94,0,0,0,0,0,0,NONE,0,0.0,0,0.0,0,0.0,0,0.0,0,0.0,0,0.0,0,0.0,0,0.0,0,0.0,0,0.0,0,0.0,0,0.0,0,0.0,0,0.0,0,0.0,0,0.0
