,date,filename,uid
0,2024-01-08 16:03:23.196,1.mp3,t0001@sreflect
1,2024-01-08 16:29:11.242,2.mp3,t0001@sreflect
2,2024-01-08 19:54:18.267,3.mp3,t0001@sreflect
3,2024-01-08 19:55:28.223,4.mp3,t0001@sreflect
4,2024-01-08 19:57:46.056,5.mp3,t0001@sreflect
5,2024-01-08 19:59:26.273,6.mp3,t0001@sreflect
6,2024-01-08 20:06:57.793,7.mp3,t0001@sreflect
7,2024-01-09 06:01:58.365,8.mp3,t0001@sreflect
8,2024-01-09 14:51:53.586,9.mp3,test4@sreflect
9,2024-01-09 12:02:38.355,10.mp3,t0001@sreflect
10,2024-01-09 12:02:26.497,11.mp3,t0001@sreflect
11,2024-01-09 12:48:13.042,12.mp3,t0001@sreflect
12,2024-01-09 16:11:36.188,13.mp3,t0001@sreflect
13,2024-01-24 05:37:34.601,14.mp3,test5@sreflect
14,2024-01-10 10:16:50.203,15.mp3,test2@sreflect
15,2024-01-10 17:32:58.176,16.mp3,test2@sreflect
16,2024-01-11 08:45:05.469,17.mp3,test4@sreflect
17,2024-01-11 13:05:07.250,18.mp3,test4@sreflect
18,2024-01-11 16:01:49.247,19.mp3,test4@sreflect
19,2024-01-11 16:01:12.282,20.mp3,t0001@sreflect
20,2024-01-13 11:45:55.348,21.mp3,t0001@sreflect
21,2024-01-14 11:16:45.219,22.mp3,t0001@sreflect
22,2024-01-14 16:00:35.871,23.mp3,t0001@sreflect
23,2024-01-15 08:58:14.387,24.mp3,t0001@sreflect
24,2024-01-14 07:54:56.887,25.mp3,t0001@sreflect
25,2024-01-15 19:54:32.230,26.mp3,test4@sreflect
26,2024-01-15 19:55:55.000,27.mp3,test4@sreflect
27,2024-01-16 16:01:26.357,28.mp3,t0001@sreflect
28,2024-01-16 21:32:31.562,29.mp3,test4@sreflect
29,2024-01-17 15:10:51.046,30.mp3,test5@sreflect
30,2024-01-17 16:04:44.483,31.mp3,t0001@sreflect
31,2024-01-17 19:32:00.417,32.mp3,test4@sreflect
32,2024-01-17 19:33:48.997,33.mp3,test4@sreflect
33,2024-01-18 16:11:12.773,34.mp3,t0001@sreflect
34,2024-01-18 16:42:18.940,35.mp3,test5@sreflect
35,2024-01-20 18:13:14.434,36.mp3,t0001@sreflect
36,2024-01-20 19:40:38.858,37.mp3,test5@sreflect
37,2024-01-20 21:17:44.510,38.mp3,test5@sreflect
38,2024-01-21 21:56:38.887,39.mp3,t0001@sreflect
39,2024-01-21 22:49:39.709,40.mp3,test5@sreflect
40,2024-01-22 21:00:31.717,41.mp3,t0001@sreflect
41,2024-01-23 01:08:20.483,42.mp3,test5@sreflect
42,2024-01-23 17:17:52.598,43.mp3,test5@sreflect
43,2024-01-23 18:08:13.573,44.mp3,test5@sreflect
44,2024-01-23 18:10:16.796,45.mp3,test5@sreflect
45,2024-01-23 21:00:29.589,46.mp3,t0001@sreflect
46,2024-01-23 21:42:05.322,47.mp3,test2@sreflect
47,2024-01-24 21:43:27.913,48.mp3,test5@sreflect
48,2024-01-25 21:15:17.960,49.mp3,t0001@sreflect
49,2024-01-25 22:38:11.413,50.mp3,t0001@sreflect
50,2024-01-25 22:40:01.500,51.mp3,t0001@sreflect
51,2024-01-25 22:41:56.645,52.mp3,t0001@sreflect
52,2024-01-26 21:04:54.322,53.mp3,test2@sreflect
53,2024-01-27 06:16:41.193,54.mp3,t0001@sreflect
54,2024-01-27 22:47:43.397,55.mp3,test2@sreflect
55,2024-01-28 21:00:16.280,56.mp3,test2@sreflect
56,2024-01-28 21:30:18.664,57.mp3,t0001@sreflect
57,2024-01-29 21:30:09.584,58.mp3,test2@sreflect
58,2024-01-29 21:51:24.372,59.mp3,t0001@sreflect
59,2024-01-30 21:25:54.046,60.mp3,test5@sreflect
60,2024-01-30 21:38:13.710,61.mp3,t0001@sreflect
61,2024-01-31 21:36:50.132,62.mp3,t0001@sreflect
62,2024-02-01 21:05:46.894,63.mp3,t0001@sreflect
63,2024-02-02 13:34:28.486,64.mp3,test5@sreflect
64,2024-02-02 21:07:58.923,65.mp3,t0001@sreflect
65,2024-02-03 22:49:01.901,66.mp3,t0001@sreflect
66,2024-02-04 21:00:35.259,67.mp3,t0001@sreflect
67,2024-02-04 21:37:24.032,68.mp3,test2@sreflect
68,2024-02-05 21:03:36.421,69.mp3,t0001@sreflect
69,2024-02-06 14:00:13.786,70.mp3,test5@sreflect
70,2024-02-06 13:59:53.473,71.mp3,test5@sreflect
71,2024-02-06 14:41:19.690,72.mp3,test5@sreflect
72,2024-02-06 15:06:28.196,73.mp3,test5@sreflect
73,2024-02-06 16:06:56.914,74.mp3,test5@sreflect
74,2024-02-06 22:27:35.717,75.mp3,t0001@sreflect
75,2024-02-07 11:18:01.354,76.mp3,test5@sreflect
76,2024-02-07 11:48:38.266,77.mp3,test5@sreflect
77,2024-02-07 21:07:22.002,78.mp3,t0001@sreflect
78,2024-02-08 14:36:28.782,79.mp3,test5@sreflect
79,2024-02-08 14:36:14.296,80.mp3,test5@sreflect
80,2024-02-08 15:52:43.367,81.mp3,test5@sreflect
81,2024-02-08 21:03:15.921,82.mp3,t0012@sreflect
82,2024-02-08 20:51:36.177,83.mp3,t0015@sreflect
83,2024-02-08 21:13:56.338,84.mp3,t0016@sreflect
84,2024-02-08 21:39:25.838,85.mp3,t0001@sreflect
85,2024-02-09 20:28:00.861,86.mp3,t0016@sreflect
86,2024-02-09 21:02:33.280,87.mp3,t0016@sreflect
87,2024-02-10 21:30:13.786,88.mp3,t0001@sreflect
88,2024-02-10 22:33:38.555,89.mp3,t0012@sreflect
89,2024-02-11 11:23:58.164,90.mp3,t0016@sreflect
90,2024-02-11 21:16:47.809,91.mp3,t0016@sreflect
91,2024-02-11 20:10:17.244,92.mp3,t0016@sreflect
92,2024-02-11 21:23:27.529,93.mp3,t0012@sreflect
93,2024-02-11 21:43:13.144,94.mp3,t0001@sreflect
94,2024-02-11 22:00:13.865,95.mp3,t0013@sreflect
95,2024-02-12 14:17:39.417,96.mp3,test5@sreflect
96,2024-02-12 15:08:10.536,97.mp3,test5@sreflect
97,2024-02-12 20:00:13.092,98.mp3,t0016@sreflect
98,2024-02-12 21:00:11.819,99.mp3,t0001@sreflect
99,2024-02-13 10:19:50.525,100.mp3,test5@sreflect
100,2024-02-13 21:09:39.441,101.mp3,t0016@sreflect
101,2024-02-13 21:37:44.914,102.mp3,t0001@sreflect
102,2024-02-13 22:29:38.588,103.mp3,t0012@sreflect
103,2024-02-14 16:18:15.815,104.mp3,test5@sreflect
104,2024-02-14 16:44:41.631,105.mp3,test5@sreflect
105,2024-02-14 20:08:29.262,106.mp3,t0016@sreflect
106,2024-02-15 21:14:15.543,107.mp3,t0001@sreflect
107,2024-02-15 21:02:13.986,108.mp3,t0012@sreflect
108,2024-02-15 21:17:39.194,109.mp3,t0016@sreflect
109,2024-02-16 14:44:55.720,110.mp3,test5@sreflect
110,2024-02-16 22:37:10.063,111.mp3,t0012@sreflect
111,2024-02-17 20:26:15.052,112.mp3,t0016@sreflect
112,2024-02-17 21:09:33.292,113.mp3,t0001@sreflect
113,2024-02-17 23:46:39.632,114.mp3,t0012@sreflect
114,2024-02-18 20:00:10.267,115.mp3,t0016@sreflect
115,2024-02-19 20:30:26.805,116.mp3,t0016@sreflect
116,2024-02-19 21:49:23.862,117.mp3,t0001@sreflect
117,2024-02-20 00:08:09.523,118.mp3,t0012@sreflect
118,2024-02-20 10:43:01.289,119.mp3,test5@sreflect
119,2024-02-20 21:11:41.280,120.mp3,t0016@sreflect
120,2024-02-20 22:31:53.642,121.mp3,t0012@sreflect
121,2024-02-21 21:06:47.269,122.mp3,t0016@sreflect
122,2024-02-22 20:00:10.559,123.mp3,t0016@sreflect
123,2024-02-22 22:54:29.615,124.mp3,t0012@sreflect
124,2024-02-23 20:12:28.516,125.mp3,t0016@sreflect
125,2024-02-24 21:00:09.252,126.mp3,t0001@sreflect
126,2024-02-25 20:26:39.971,127.mp3,t0016@sreflect
127,2024-02-25 21:12:54.993,128.mp3,t0001@sreflect
128,2024-02-26 20:02:07.555,129.mp3,t0016@sreflect
129,2024-02-26 21:28:12.479,130.mp3,t0015@sreflect
130,2024-02-26 22:07:59.937,131.mp3,t0012@sreflect
131,2024-02-28 20:00:15.615,132.mp3,t0016@sreflect
132,2024-02-29 20:00:33.482,133.mp3,t0016@sreflect
133,2024-03-01 20:25:39.638,134.mp3,t0016@sreflect
134,2024-03-02 20:59:49.598,135.mp3,t0016@sreflect
135,2024-03-04 20:03:36.046,136.mp3,t0016@sreflect
136,2024-03-05 20:10:41.336,137.mp3,t0016@sreflect
137,2024-03-05 21:00:16.375,138.mp3,t0001@sreflect
138,2024-03-06 20:06:55.461,139.mp3,t0016@sreflect
139,2024-03-06 21:00:13.259,140.mp3,t0001@sreflect
140,2024-03-07 20:38:30.262,141.mp3,t0016@sreflect
141,2024-03-07 22:00:17.671,142.mp3,t0015@sreflect
142,2024-03-08 20:09:01.549,143.mp3,t0016@sreflect
143,2024-03-08 21:31:08.049,144.mp3,t0012@sreflect
144,2024-03-08 23:30:34.565,145.mp3,t0001@sreflect
145,2024-03-09 21:39:21.701,146.mp3,t0001@sreflect
146,2024-03-09 22:05:22.815,147.mp3,t0016@sreflect
147,2024-03-09 22:55:34.821,148.mp3,t0012@sreflect
148,2024-03-10 20:03:07.157,149.mp3,t0016@sreflect
149,2024-03-10 21:30:15.364,150.mp3,t0001@sreflect
150,2024-03-11 20:31:43.578,151.mp3,t0016@sreflect
151,2024-03-12 20:11:08.533,152.mp3,t0016@sreflect
152,2024-03-13 20:40:29.279,153.mp3,t0016@sreflect
153,2024-03-14 21:37:08.846,154.mp3,t0001@sreflect
154,2024-03-14 21:35:49.029,155.mp3,t0016@sreflect
155,2024-03-15 21:14:56.153,156.mp3,t0016@sreflect
156,2024-03-16 20:01:44.279,157.mp3,t0016@sreflect
157,2024-03-17 20:18:19.375,158.mp3,t0016@sreflect
158,2024-03-18 20:05:19.430,159.mp3,t0016@sreflect
159,2024-03-18 22:43:13.334,160.mp3,t0001@sreflect
160,2024-03-19 21:03:49.647,161.mp3,t0016@sreflect
161,2024-03-19 21:30:50.025,162.mp3,t0001@sreflect
162,2024-03-19 21:59:46.653,163.mp3,t0008@sreflect
163,2024-03-20 20:17:06.391,164.mp3,t0016@sreflect
164,2024-03-20 21:00:15.694,165.mp3,t0009@sreflect
165,2024-03-20 21:26:26.450,166.mp3,t0001@sreflect
166,2024-03-21 20:43:50.625,167.mp3,t0016@sreflect
167,2024-03-22 20:16:11.862,168.mp3,t0016@sreflect
168,2024-03-22 21:08:03.970,169.mp3,t0001@sreflect
169,2024-03-23 20:05:15.296,170.mp3,t0016@sreflect
170,2024-03-23 21:33:57.013,171.mp3,t0001@sreflect
171,2024-03-24 20:00:22.516,172.mp3,t0016@sreflect
